sales_line_key,order_id,product_id,order_date_key,customer_key,product_key,employee_key,shipper_key,unit_price,quantity,discount,gross_amount,discount_amount,net_amount,freight_allocated
1,10248,11,20130704,85,11,5,3,14.0,12,0.0,168.0,0.0,168.0,12.3633
2,10248,42,20130704,85,42,5,3,9.8,10,0.0,98.0,0.0,98.0,7.2119
3,10248,72,20130704,85,72,5,3,34.8,5,0.0,174.0,0.0,174.0,12.8048
4,10249,14,20130705,79,14,6,1,18.6,9,0.0,167.4,0.0,167.4,1.043
5,10249,51,20130705,79,51,6,1,42.4,40,0.0,1696.0,0.0,1696.0,10.567
6,10250,41,20130708,34,41,4,2,7.7,10,0.0,77.0,0.0,77.0,3.2648
7,10250,51,20130708,34,51,4,2,42.4,35,0.15,1484.0,222.6,1261.4,53.4832
8,10250,65,20130708,34,65,4,2,16.8,15,0.15,252.0,37.8,214.2,9.082
9,10251,22,20130708,84,22,3,1,16.8,6,0.05,100.8,5.04,95.76,6.0525
10,10251,57,20130708,84,57,3,1,15.6,15,0.05,234.0,11.7,222.3,14.0505
11,10251,65,20130708,84,65,3,1,16.8,20,0.0,336.0,0.0,336.0,21.237
12,10252,20,20130709,76,20,4,2,64.8,40,0.05,2592.0,129.6,2462.4,35.1097
13,10252,33,20130709,76,33,4,2,2.0,25,0.05,50.0,2.5,47.5,0.6773
14,10252,60,20130709,76,60,4,2,27.2,40,0.0,1088.0,0.0,1088.0,15.513
15,10253,31,20130710,34,31,3,2,10.0,20,0.0,200.0,0.0,200.0,8.0523
16,10253,39,20130710,34,39,3,2,14.4,42,0.0,604.8,0.0,604.8,24.3502
17,10253,49,20130710,34,49,3,2,16.0,40,0.0,640.0,0.0,640.0,25.7674
18,10254,24,20130711,14,24,5,2,3.6,15,0.15,54.0,8.1,45.9,1.895
19,10254,55,20130711,14,55,5,2,19.2,21,0.15,403.2,60.48,342.72,14.1492
20,10254,74,20130711,14,74,5,2,8.0,21,0.0,168.0,0.0,168.0,6.9359
21,10255,2,20130712,68,2,9,3,15.2,20,0.0,304.0,0.0,304.0,18.1057
22,10255,16,20130712,68,16,9,3,13.9,35,0.0,486.5,0.0,486.5,28.9751
23,10255,36,20130712,68,36,9,3,15.2,25,0.0,380.0,0.0,380.0,22.6322
24,10255,59,20130712,68,59,9,3,44.0,30,0.0,1320.0,0.0,1320.0,78.617
25,10256,53,20130715,88,53,3,2,26.2,15,0.0,393.0,0.0,393.0,10.603
26,10256,77,20130715,88,77,3,2,10.4,12,0.0,124.8,0.0,124.8,3.367
27,10257,27,20130716,35,27,4,3,35.1,25,0.0,877.5,0.0,877.5,64.1808
28,10257,39,20130716,35,39,4,3,14.4,6,0.0,86.4,0.0,86.4,6.3193
29,10257,77,20130716,35,77,4,3,10.4,15,0.0,156.0,0.0,156.0,11.4099
30,10258,2,20130717,20,2,1,1,15.2,50,0.2,760.0,152.0,608.0,52.9018
31,10258,5,20130717,20,5,1,1,17.0,65,0.2,1105.0,221.0,884.0,76.9165
32,10258,32,20130717,20,32,1,1,25.6,6,0.2,153.6,30.72,122.88,10.6917
33,10259,21,20130718,13,21,4,3,8.0,10,0.0,80.0,0.0,80.0,2.5794
34,10259,37,20130718,13,37,4,3,20.8,1,0.0,20.8,0.0,20.8,0.6706
35,10260,41,20130719,56,41,4,1,7.7,16,0.25,123.2,30.8,92.4,3.3831
36,10260,57,20130719,56,57,4,1,15.6,50,0.0,780.0,0.0,780.0,28.5583
37,10260,62,20130719,56,62,4,1,39.4,15,0.25,591.0,147.75,443.25,16.2288
38,10260,70,20130719,56,70,4,1,12.0,21,0.25,252.0,63.0,189.0,6.9199
39,10261,21,20130719,61,21,4,2,8.0,20,0.0,160.0,0.0,160.0,1.0893
40,10261,35,20130719,61,35,4,2,14.4,20,0.0,288.0,0.0,288.0,1.9607
41,10262,5,20130722,65,5,8,3,17.0,12,0.2,204.0,40.8,163.2,13.4947
42,10262,7,20130722,65,7,8,3,24.0,15,0.0,360.0,0.0,360.0,29.7678
43,10262,56,20130722,65,56,8,3,30.4,2,0.0,60.8,0.0,60.8,5.0275
44,10263,16,20130723,20,16,9,3,13.9,60,0.25,834.0,208.5,625.5,48.7568
45,10263,24,20130723,20,24,9,3,3.6,28,0.0,100.8,0.0,100.8,7.8572
46,10263,30,20130723,20,30,9,3,20.7,60,0.25,1242.0,310.5,931.5,72.6091
47,10263,74,20130723,20,74,9,3,8.0,36,0.25,288.0,72.0,216.0,16.8369
48,10264,2,20130724,24,2,6,3,15.2,35,0.0,532.0,0.0,532.0,2.8068
49,10264,41,20130724,24,41,6,3,7.7,25,0.15,192.5,28.88,163.62,0.8632
50,10265,17,20130725,7,17,2,1,31.2,30,0.0,936.0,0.0,936.0,43.9984
51,10265,70,20130725,7,70,2,1,12.0,20,0.0,240.0,0.0,240.0,11.2816
52,10266,12,20130726,87,12,3,3,30.4,12,0.05,364.8,18.24,346.56,25.73
53,10267,40,20130729,25,40,4,1,14.7,50,0.0,735.0,0.0,735.0,43.3485
54,10267,59,20130729,25,59,4,1,44.0,70,0.15,3080.0,462.0,2618.0,154.4032
55,10267,76,20130729,25,76,4,1,14.4,15,0.15,216.0,32.4,183.6,10.8283
56,10268,29,20130730,33,29,8,3,99.0,10,0.0,990.0,0.0,990.0,59.596
57,10268,72,20130730,33,72,8,3,27.8,4,0.0,111.2,0.0,111.2,6.694
58,10269,33,20130731,89,33,5,1,2.0,60,0.05,120.0,6.0,114.0,0.8095
59,10269,72,20130731,89,72,5,1,27.8,20,0.05,556.0,27.8,528.2,3.7505
60,10270,36,20130801,87,36,1,1,15.2,30,0.0,456.0,0.0,456.0,45.2487
61,10270,43,20130801,87,43,1,1,36.8,25,0.0,920.0,0.0,920.0,91.2913
62,10271,33,20130801,75,33,6,2,2.0,24,0.0,48.0,0.0,48.0,4.54
63,10272,20,20130802,65,20,6,2,64.8,6,0.0,388.8,0.0,388.8,26.1772
64,10272,31,20130802,65,31,6,2,10.0,40,0.0,400.0,0.0,400.0,26.9313
65,10272,72,20130802,65,72,6,2,27.8,24,0.0,667.2,0.0,667.2,44.9214
66,10273,10,20130805,63,10,3,3,24.8,24,0.05,595.2,29.76,565.44,21.113
67,10273,31,20130805,63,31,3,3,10.0,15,0.05,150.0,7.5,142.5,5.3208
68,10273,33,20130805,63,33,3,3,2.0,20,0.0,40.0,0.0,40.0,1.4936
69,10273,40,20130805,63,40,3,3,14.7,60,0.05,882.0,44.1,837.9,31.2863
70,10273,76,20130805,63,76,3,3,14.4,33,0.05,475.2,23.76,451.44,16.8563
71,10274,71,20130806,85,71,6,1,17.2,20,0.0,344.0,0.0,344.0,3.8385
72,10274,72,20130806,85,72,6,1,27.8,7,0.0,194.6,0.0,194.6,2.1715
73,10275,24,20130807,49,24,1,1,3.6,12,0.05,43.2,2.16,41.04,3.787
74,10275,59,20130807,49,59,1,1,44.0,6,0.05,264.0,13.2,250.8,23.143
75,10276,10,20130808,80,10,8,3,24.8,15,0.0,372.0,0.0,372.0,12.2583
76,10276,13,20130808,80,13,8,3,4.8,10,0.0,48.0,0.0,48.0,1.5817
77,10277,28,20130809,52,28,2,3,36.4,20,0.0,728.0,0.0,728.0,76.2496
78,10277,62,20130809,52,62,2,3,39.4,12,0.0,472.8,0.0,472.8,49.5204
79,10278,44,20130812,5,44,8,2,15.5,16,0.0,248.0,0.0,248.0,15.44
80,10278,59,20130812,5,59,8,2,44.0,15,0.0,660.0,0.0,660.0,41.0904
81,10278,63,20130812,5,63,8,2,35.1,8,0.0,280.8,0.0,280.8,17.4821
82,10278,73,20130812,5,73,8,2,12.0,25,0.0,300.0,0.0,300.0,18.6775
83,10279,17,20130813,44,17,8,2,31.2,15,0.25,468.0,117.0,351.0,25.83
84,10280,24,20130814,5,24,2,1,3.6,12,0.0,43.2,0.0,43.2,0.6326
85,10280,55,20130814,5,55,2,1,19.2,20,0.0,384.0,0.0,384.0,5.6235
86,10280,75,20130814,5,75,2,1,6.2,30,0.0,186.0,0.0,186.0,2.7239
87,10281,19,20130814,69,19,4,1,7.3,1,0.0,7.3,0.0,7.3,0.2481
88,10281,24,20130814,69,24,4,1,3.6,6,0.0,21.6,0.0,21.6,0.7342
89,10281,35,20130814,69,35,4,1,14.4,4,0.0,57.6,0.0,57.6,1.9577
90,10282,30,20130815,69,30,4,1,20.7,6,0.0,124.2,0.0,124.2,10.1422
91,10282,57,20130815,69,57,4,1,15.6,2,0.0,31.2,0.0,31.2,2.5478
92,10283,15,20130816,46,15,3,3,12.4,20,0.0,248.0,0.0,248.0,14.8663
93,10283,19,20130816,46,19,3,3,7.3,18,0.0,131.4,0.0,131.4,7.8768
94,10283,60,20130816,46,60,3,3,27.2,35,0.0,952.0,0.0,952.0,57.0675
95,10283,72,20130816,46,72,3,3,27.8,3,0.0,83.4,0.0,83.4,4.9994
96,10284,27,20130819,44,27,4,1,35.1,15,0.25,526.5,131.62,394.88,25.8309
97,10284,44,20130819,44,44,4,1,15.5,21,0.0,325.5,0.0,325.5,21.2925
98,10284,60,20130819,44,60,4,1,27.2,20,0.25,544.0,136.0,408.0,26.6892
99,10284,67,20130819,44,67,4,1,11.2,5,0.25,56.0,14.0,42.0,2.7474
100,10285,1,20130820,63,1,1,2,14.4,45,0.2,648.0,129.6,518.4,22.8459
101,10285,40,20130820,63,40,1,2,14.7,40,0.2,588.0,117.6,470.4,20.7306
102,10285,53,20130820,63,53,1,2,26.2,36,0.2,943.2,188.64,754.56,33.2535
103,10286,35,20130821,63,35,8,3,14.4,100,0.0,1440.0,0.0,1440.0,109.4515
104,10286,62,20130821,63,62,8,3,39.4,40,0.0,1576.0,0.0,1576.0,119.7885
105,10287,16,20130822,67,16,8,3,13.9,40,0.15,556.0,83.4,472.6,7.3631
106,10287,34,20130822,67,34,8,3,11.2,20,0.0,224.0,0.0,224.0,3.4899
107,10287,46,20130822,67,46,8,3,9.6,15,0.15,144.0,21.6,122.4,1.907
108,10288,54,20130823,66,54,4,1,5.9,10,0.1,59.0,5.9,53.1,4.9388
109,10288,68,20130823,66,68,4,1,10.0,3,0.1,30.0,3.0,27.0,2.5112
110,10289,3,20130826,11,3,7,3,8.0,30,0.0,240.0,0.0,240.0,11.3992
111,10289,64,20130826,11,64,7,3,26.6,9,0.0,239.4,0.0,239.4,11.3708
112,10290,5,20130827,15,5,8,1,17.0,20,0.0,340.0,0.0,340.0,12.4933
113,10290,29,20130827,15,29,8,1,99.0,15,0.0,1485.0,0.0,1485.0,54.5664
114,10290,49,20130827,15,49,8,1,16.0,15,0.0,240.0,0.0,240.0,8.8188
115,10290,77,20130827,15,77,8,1,10.4,10,0.0,104.0,0.0,104.0,3.8215
116,10291,13,20130827,61,13,6,2,4.8,20,0.1,96.0,9.6,86.4,1.1114
117,10291,44,20130827,61,44,6,2,15.5,24,0.1,372.0,37.2,334.8,4.3068
118,10291,51,20130827,61,51,6,2,42.4,2,0.1,84.8,8.48,76.32,0.9818
119,10292,20,20130828,81,20,1,2,64.8,20,0.0,1296.0,0.0,1296.0,1.35
120,10293,18,20130829,80,18,1,3,50.0,12,0.0,600.0,0.0,600.0,14.9735
121,10293,24,20130829,80,24,1,3,3.6,10,0.0,36.0,0.0,36.0,0.8984
122,10293,63,20130829,80,63,1,3,35.1,5,0.0,175.5,0.0,175.5,4.3797
123,10293,75,20130829,80,75,1,3,6.2,6,0.0,37.2,0.0,37.2,0.9284
124,10294,1,20130830,65,1,4,2,14.4,18,0.0,259.2,0.0,259.2,20.2213
125,10294,17,20130830,65,17,4,2,31.2,15,0.0,468.0,0.0,468.0,36.5107
126,10294,43,20130830,65,43,4,2,36.8,15,0.0,552.0,0.0,552.0,43.064
127,10294,60,20130830,65,60,4,2,27.2,21,0.0,571.2,0.0,571.2,44.5618
128,10294,75,20130830,65,75,4,2,6.2,6,0.0,37.2,0.0,37.2,2.9021
129,10295,56,20130902,85,56,2,2,30.4,4,0.0,121.6,0.0,121.6,1.15
130,10296,11,20130903,46,11,6,1,16.8,12,0.0,201.6,0.0,201.6,0.023
131,10296,16,20130903,46,16,6,1,13.9,30,0.0,417.0,0.0,417.0,0.0476
132,10296,69,20130903,46,69,6,1,28.8,15,0.0,432.0,0.0,432.0,0.0493
133,10297,39,20130904,7,39,5,2,14.4,60,0.0,864.0,0.0,864.0,3.4925
134,10297,72,20130904,7,72,5,2,27.8,20,0.0,556.0,0.0,556.0,2.2475
135,10298,2,20130905,37,2,6,2,15.2,40,0.0,608.0,0.0,608.0,38.6683
136,10298,36,20130905,37,36,6,2,15.2,40,0.25,608.0,152.0,456.0,29.0013
137,10298,59,20130905,37,59,6,2,44.0,30,0.25,1320.0,330.0,990.0,62.9633
138,10298,62,20130905,37,62,6,2,39.4,15,0.0,591.0,0.0,591.0,37.5872
139,10299,19,20130906,67,19,4,2,7.3,15,0.0,109.5,0.0,109.5,9.3239
140,10299,70,20130906,67,70,4,2,12.0,20,0.0,240.0,0.0,240.0,20.4361
141,10300,66,20130909,49,66,2,2,13.6,30,0.0,408.0,0.0,408.0,11.8642
142,10300,68,20130909,49,68,2,2,10.0,20,0.0,200.0,0.0,200.0,5.8158
143,10301,40,20130909,86,40,8,2,14.7,10,0.0,147.0,0.0,147.0,8.7772
144,10301,56,20130909,86,56,8,2,30.4,20,0.0,608.0,0.0,608.0,36.3028
145,10302,17,20130910,76,17,4,2,31.2,40,0.0,1248.0,0.0,1248.0,2.8887
146,10302,28,20130910,76,28,4,2,36.4,28,0.0,1019.2,0.0,1019.2,2.3591
147,10302,43,20130910,76,43,4,2,36.8,12,0.0,441.6,0.0,441.6,1.0222
148,10303,40,20130911,30,40,7,2,14.7,40,0.1,588.0,58.8,529.2,51.05
149,10303,65,20130911,30,65,7,2,16.8,30,0.1,504.0,50.4,453.6,43.7571
150,10303,68,20130911,30,68,7,2,10.0,15,0.1,150.0,15.0,135.0,13.0229
151,10304,49,20130912,80,49,1,2,16.0,30,0.0,480.0,0.0,480.0,32.0821
152,10304,59,20130912,80,59,1,2,44.0,10,0.0,440.0,0.0,440.0,29.4086
153,10304,71,20130912,80,71,1,2,17.2,2,0.0,34.4,0.0,34.4,2.2992
154,10305,18,20130913,55,18,8,3,50.0,25,0.1,1250.0,125.0,1125.0,77.4657
155,10305,29,20130913,55,29,8,3,99.0,25,0.1,2475.0,247.5,2227.5,153.3821
156,10305,39,20130913,55,39,8,3,14.4,30,0.1,432.0,43.2,388.8,26.7722
157,10306,30,20130916,69,30,1,3,20.7,10,0.0,207.0,0.0,207.0,3.1393
158,10306,53,20130916,69,53,1,3,26.2,10,0.0,262.0,0.0,262.0,3.9734
159,10306,54,20130916,69,54,1,3,5.9,5,0.0,29.5,0.0,29.5,0.4474
160,10307,62,20130917,48,62,2,2,39.4,10,0.0,394.0,0.0,394.0,0.5204
161,10307,68,20130917,48,68,2,2,10.0,3,0.0,30.0,0.0,30.0,0.0396
162,10308,69,20130918,2,69,7,3,28.8,1,0.0,28.8,0.0,28.8,0.5222
163,10308,70,20130918,2,70,7,3,12.0,5,0.0,60.0,0.0,60.0,1.0878
164,10309,4,20130919,37,4,3,1,17.6,20,0.0,352.0,0.0,352.0,9.4493
165,10309,6,20130919,37,6,3,1,20.0,30,0.0,600.0,0.0,600.0,16.1067
166,10309,42,20130919,37,42,3,1,11.2,2,0.0,22.4,0.0,22.4,0.6013
167,10309,43,20130919,37,43,3,1,36.8,20,0.0,736.0,0.0,736.0,19.7575
168,10309,71,20130919,37,71,3,1,17.2,3,0.0,51.6,0.0,51.6,1.3852
169,10310,16,20130920,77,16,8,2,13.9,10,0.0,139.0,0.0,139.0,7.2479
170,10310,62,20130920,77,62,8,2,39.4,5,0.0,197.0,0.0,197.0,10.2721
171,10311,42,20130920,18,42,1,3,11.2,6,0.0,67.2,0.0,67.2,6.1725
172,10311,69,20130920,18,69,1,3,28.8,7,0.0,201.6,0.0,201.6,18.5175
173,10312,28,20130923,86,28,2,2,36.4,4,0.0,145.6,0.0,145.6,3.6301
174,10312,43,20130923,86,43,2,2,36.8,24,0.0,883.2,0.0,883.2,22.0198
175,10312,53,20130923,86,53,2,2,26.2,20,0.0,524.0,0.0,524.0,13.0643
176,10312,75,20130923,86,75,2,2,6.2,10,0.0,62.0,0.0,62.0,1.5458
177,10313,36,20130924,63,36,2,2,15.2,12,0.0,182.4,0.0,182.4,1.96
178,10314,32,20130925,65,32,1,2,25.6,40,0.1,1024.0,102.4,921.6,32.6342
179,10314,58,20130925,65,58,1,2,10.6,30,0.1,318.0,31.8,286.2,10.1345
180,10314,62,20130925,65,62,1,2,39.4,25,0.1,985.0,98.5,886.5,31.3913
181,10315,34,20130926,38,34,4,2,11.2,14,0.0,156.8,0.0,156.8,12.6702
182,10315,70,20130926,38,70,4,2,12.0,30,0.0,360.0,0.0,360.0,29.0898
183,10316,41,20130927,65,41,1,3,7.7,10,0.0,77.0,0.0,77.0,4.0781
184,10316,62,20130927,65,62,1,3,39.4,70,0.0,2758.0,0.0,2758.0,146.0719
185,10317,1,20130930,48,1,6,1,14.4,20,0.0,288.0,0.0,288.0,12.69
186,10318,41,20131001,38,41,8,2,7.7,20,0.0,154.0,0.0,154.0,3.03
187,10318,76,20131001,38,76,8,2,14.4,6,0.0,86.4,0.0,86.4,1.7
188,10319,17,20131002,80,17,7,3,31.2,8,0.0,249.6,0.0,249.6,13.5151
189,10319,28,20131002,80,28,7,3,36.4,14,0.0,509.6,0.0,509.6,27.5934
190,10319,76,20131002,80,76,7,3,14.4,30,0.0,432.0,0.0,432.0,23.3915
191,10320,71,20131003,87,71,5,3,17.2,30,0.0,516.0,0.0,516.0,34.57
192,10321,35,20131003,38,35,3,2,14.4,10,0.0,144.0,0.0,144.0,3.43
193,10322,52,20131004,58,52,7,3,5.6,20,0.0,112.0,0.0,112.0,0.4
194,10323,15,20131007,39,15,4,1,12.4,5,0.0,62.0,0.0,62.0,1.8404
195,10323,25,20131007,39,25,4,1,11.2,4,0.0,44.8,0.0,44.8,1.3298
196,10323,39,20131007,39,39,4,1,14.4,4,0.0,57.6,0.0,57.6,1.7098
197,10324,16,20131008,71,16,9,1,13.9,21,0.15,291.9,43.78,248.12,10.0772
198,10324,35,20131008,71,35,9,1,14.4,70,0.15,1008.0,151.2,856.8,34.7984
199,10324,46,20131008,71,46,9,1,9.6,30,0.0,288.0,0.0,288.0,11.6969
200,10324,59,20131008,71,59,9,1,44.0,40,0.15,1760.0,264.0,1496.0,60.7591
201,10324,63,20131008,71,63,9,1,35.1,80,0.15,2808.0,421.2,2386.8,96.9384
202,10325,6,20131009,39,6,1,3,20.0,6,0.0,120.0,0.0,120.0,5.1992
203,10325,13,20131009,39,13,1,3,4.8,12,0.0,57.6,0.0,57.6,2.4956
204,10325,14,20131009,39,14,1,3,18.6,9,0.0,167.4,0.0,167.4,7.2529
205,10325,31,20131009,39,31,1,3,10.0,4,0.0,40.0,0.0,40.0,1.7331
206,10325,72,20131009,39,72,1,3,27.8,40,0.0,1112.0,0.0,1112.0,48.1792
207,10326,4,20131010,8,4,4,2,17.6,24,0.0,422.4,0.0,422.4,33.5167
208,10326,57,20131010,8,57,4,2,15.6,16,0.0,249.6,0.0,249.6,19.8053
209,10326,75,20131010,8,75,4,2,6.2,50,0.0,310.0,0.0,310.0,24.598
210,10327,2,20131011,24,2,2,1,15.2,25,0.2,380.0,76.0,304.0,10.6417
211,10327,11,20131011,24,11,2,1,16.8,50,0.2,840.0,168.0,672.0,23.5237
212,10327,30,20131011,24,30,2,1,20.7,35,0.2,724.5,144.9,579.6,20.2892
213,10327,58,20131011,24,58,2,1,10.6,30,0.2,318.0,63.6,254.4,8.9054
214,10328,59,20131014,28,59,4,3,44.0,9,0.0,396.0,0.0,396.0,29.5067
215,10328,65,20131014,28,65,4,3,16.8,40,0.0,672.0,0.0,672.0,50.0721
216,10328,68,20131014,28,68,4,3,10.0,10,0.0,100.0,0.0,100.0,7.4512
217,10329,19,20131015,75,19,4,2,7.3,10,0.05,73.0,3.65,69.35,2.9032
218,10329,30,20131015,75,30,4,2,20.7,8,0.05,165.6,8.28,157.32,6.586
219,10329,38,20131015,75,38,4,2,210.8,20,0.05,4216.0,210.8,4005.2,167.6725
220,10329,56,20131015,75,56,4,2,30.4,12,0.05,364.8,18.24,346.56,14.5083
221,10330,26,20131016,46,26,3,1,24.9,50,0.15,1245.0,186.75,1058.25,8.1823
222,10330,72,20131016,46,72,3,1,27.8,25,0.15,695.0,104.25,590.75,4.5677
223,10331,54,20131016,9,54,9,1,5.9,15,0.0,88.5,0.0,88.5,10.19
224,10332,18,20131017,51,18,3,2,50.0,40,0.2,2000.0,400.0,1600.0,47.3138
225,10332,42,20131017,51,42,3,2,11.2,10,0.2,112.0,22.4,89.6,2.6496
226,10332,47,20131017,51,47,3,2,7.6,16,0.2,121.6,24.32,97.28,2.8767
227,10333,14,20131018,87,14,5,3,18.6,10,0.0,186.0,0.0,186.0,0.1251
228,10333,21,20131018,87,21,5,3,8.0,10,0.1,80.0,8.0,72.0,0.0484
229,10333,71,20131018,87,71,5,3,17.2,40,0.1,688.0,68.8,619.2,0.4165
230,10334,52,20131021,84,52,8,2,5.6,8,0.0,44.8,0.0,44.8,2.6484
231,10334,68,20131021,84,68,8,2,10.0,10,0.0,100.0,0.0,100.0,5.9116
232,10335,2,20131022,37,2,7,2,15.2,7,0.2,106.4,21.28,85.12,1.7604
233,10335,31,20131022,37,31,7,2,10.0,25,0.2,250.0,50.0,200.0,4.1362
234,10335,32,20131022,37,32,7,2,25.6,6,0.2,153.6,30.72,122.88,2.5413
235,10335,51,20131022,37,51,7,2,42.4,48,0.2,2035.2,407.04,1628.16,33.6721
236,10336,4,20131023,60,4,7,2,17.6,18,0.1,316.8,31.68,285.12,15.51
237,10337,23,20131024,25,23,4,3,7.2,40,0.0,288.0,0.0,288.0,12.6384
238,10337,26,20131024,25,26,4,3,24.9,24,0.0,597.6,0.0,597.6,26.2246
239,10337,36,20131024,25,36,4,3,15.2,20,0.0,304.0,0.0,304.0,13.3405
240,10337,37,20131024,25,37,4,3,20.8,28,0.0,582.4,0.0,582.4,25.5576
241,10337,72,20131024,25,72,4,3,27.8,25,0.0,695.0,0.0,695.0,30.4989
242,10338,17,20131025,55,17,4,3,31.2,20,0.0,624.0,0.0,624.0,56.2301
243,10338,30,20131025,55,30,4,3,20.7,15,0.0,310.5,0.0,310.5,27.9799
244,10339,4,20131028,51,4,2,2,17.6,10,0.0,176.0,0.0,176.0,0.8218
245,10339,17,20131028,51,17,2,2,31.2,70,0.05,2184.0,109.2,2074.8,9.6873
246,10339,62,20131028,51,62,2,2,39.4,28,0.0,1103.2,0.0,1103.2,5.1509
247,10340,18,20131029,9,18,1,3,50.0,20,0.05,1000.0,50.0,950.0,64.8534
248,10340,41,20131029,9,41,1,3,7.7,12,0.05,92.4,4.62,87.78,5.9925
249,10340,43,20131029,9,43,1,3,36.8,40,0.05,1472.0,73.6,1398.4,95.4642
250,10341,33,20131029,73,33,7,3,2.0,8,0.0,16.0,0.0,16.0,1.2152
251,10341,59,20131029,73,59,7,3,44.0,9,0.15,396.0,59.4,336.6,25.5648
252,10342,2,20131030,25,2,4,2,15.2,24,0.2,364.8,72.96,291.84,8.6935
253,10342,31,20131030,25,31,4,2,10.0,56,0.2,560.0,112.0,448.0,13.3453
254,10342,36,20131030,25,36,4,2,15.2,40,0.2,608.0,121.6,486.4,14.4892
255,10342,55,20131030,25,55,4,2,19.2,40,0.2,768.0,153.6,614.4,18.3021
256,10343,64,20131031,44,64,4,1,26.6,50,0.0,1330.0,0.0,1330.0,92.6718
257,10343,68,20131031,44,68,4,1,10.0,4,0.05,40.0,2.0,38.0,2.6478
258,10343,76,20131031,44,76,4,1,14.4,15,0.0,216.0,0.0,216.0,15.0505
259,10344,4,20131101,89,4,4,2,17.6,35,0.0,616.0,0.0,616.0,6.2485
260,10344,8,20131101,89,8,4,2,32.0,70,0.25,2240.0,560.0,1680.0,17.0415
261,10345,8,20131104,63,8,2,2,32.0,70,0.0,2240.0,0.0,2240.0,190.7462
262,10345,19,20131104,63,19,2,2,7.3,80,0.0,584.0,0.0,584.0,49.7303
263,10345,42,20131104,63,42,2,2,11.2,9,0.0,100.8,0.0,100.8,8.5836
264,10346,17,20131105,65,17,3,3,31.2,36,0.1,1123.2,112.32,1010.88,88.7193
265,10346,56,20131105,65,56,3,3,30.4,20,0.0,608.0,0.0,608.0,53.3607
266,10347,25,20131106,21,25,4,3,11.2,10,0.0,112.0,0.0,112.0,0.4263
267,10347,39,20131106,21,39,4,3,14.4,50,0.15,720.0,108.0,612.0,2.3295
268,10347,40,20131106,21,40,4,3,14.7,4,0.0,58.8,0.0,58.8,0.2238
269,10347,75,20131106,21,75,4,3,6.2,6,0.15,37.2,5.58,31.62,0.1204
270,10348,1,20131107,86,1,4,2,14.4,15,0.15,216.0,32.4,183.6,0.3939
271,10348,23,20131107,86,23,4,2,7.2,25,0.0,180.0,0.0,180.0,0.3861
272,10349,54,20131108,75,54,7,1,5.9,24,0.0,141.6,0.0,141.6,8.63
273,10350,50,20131111,41,50,6,2,13.0,15,0.1,195.0,19.5,175.5,17.5456
274,10350,69,20131111,41,69,6,2,28.8,18,0.1,518.4,51.84,466.56,46.6444
275,10351,38,20131111,20,38,1,1,210.8,20,0.05,4216.0,210.8,4005.2,120.4293
276,10351,41,20131111,20,41,1,1,7.7,13,0.0,100.1,0.0,100.1,3.0098
277,10351,44,20131111,20,44,1,1,15.5,77,0.05,1193.5,59.68,1133.82,34.092
278,10351,65,20131111,20,65,1,1,16.8,10,0.05,168.0,8.4,159.6,4.7989
279,10352,24,20131112,28,24,3,3,3.6,10,0.0,36.0,0.0,36.0,0.3434
280,10352,54,20131112,28,54,3,3,5.9,20,0.15,118.0,17.7,100.3,0.9566
281,10353,11,20131113,59,11,7,3,16.8,12,0.2,201.6,40.32,161.28,6.7684
282,10353,38,20131113,59,38,7,3,210.8,50,0.2,10540.0,2108.0,8432.0,353.8616
283,10354,1,20131114,58,1,8,3,14.4,12,0.0,172.8,0.0,172.8,16.3443
284,10354,29,20131114,58,29,8,3,99.0,4,0.0,396.0,0.0,396.0,37.4557
285,10355,24,20131115,4,24,6,1,3.6,25,0.0,90.0,0.0,90.0,7.8656
286,10355,57,20131115,4,57,6,1,15.6,25,0.0,390.0,0.0,390.0,34.0844
287,10356,31,20131118,86,31,6,2,10.0,30,0.0,300.0,0.0,300.0,9.9539
288,10356,55,20131118,86,55,6,2,19.2,12,0.0,230.4,0.0,230.4,7.6446
289,10356,69,20131118,86,69,6,2,28.8,20,0.0,576.0,0.0,576.0,19.1115
290,10357,10,20131119,46,10,1,3,24.8,30,0.2,744.0,148.8,595.2,17.7793
291,10357,26,20131119,46,26,1,3,24.9,16,0.0,398.4,0.0,398.4,11.9007
292,10357,60,20131119,46,60,1,3,27.2,8,0.2,217.6,43.52,174.08,5.2
293,10358,24,20131120,41,24,5,1,3.6,10,0.05,36.0,1.8,34.2,1.5642
294,10358,34,20131120,41,34,5,1,11.2,10,0.05,112.0,5.6,106.4,4.8665
295,10358,36,20131120,41,36,5,1,15.2,20,0.05,304.0,15.2,288.8,13.2092
296,10359,16,20131121,72,16,5,3,13.9,56,0.05,778.4,38.92,739.48,61.4366
297,10359,31,20131121,72,31,5,3,10.0,70,0.05,700.0,35.0,665.0,55.2487
298,10359,60,20131121,72,60,5,3,27.2,80,0.05,2176.0,108.8,2067.2,171.7447
299,10360,28,20131122,7,28,4,3,36.4,30,0.0,1092.0,0.0,1092.0,19.4604
300,10360,29,20131122,7,29,4,3,99.0,35,0.0,3465.0,0.0,3465.0,61.7494
301,10360,38,20131122,7,38,4,3,210.8,10,0.0,2108.0,0.0,2108.0,37.5665
302,10360,49,20131122,7,49,4,3,16.0,35,0.0,560.0,0.0,560.0,9.9797
303,10360,54,20131122,7,54,4,3,5.9,28,0.0,165.2,0.0,165.2,2.944
304,10361,39,20131122,63,39,1,2,14.4,54,0.1,777.6,77.76,699.84,62.6465
305,10361,60,20131122,63,60,1,2,27.2,55,0.1,1496.0,149.6,1346.4,120.5235
306,10362,25,20131125,9,25,3,1,11.2,50,0.0,560.0,0.0,560.0,34.7073
307,10362,51,20131125,9,51,3,1,42.4,20,0.0,848.0,0.0,848.0,52.5567
308,10362,54,20131125,9,54,3,1,5.9,24,0.0,141.6,0.0,141.6,8.776
309,10363,31,20131126,17,31,4,3,10.0,20,0.0,200.0,0.0,200.0,13.6583
310,10363,75,20131126,17,75,4,3,6.2,12,0.0,74.4,0.0,74.4,5.0809
311,10363,76,20131126,17,76,4,3,14.4,12,0.0,172.8,0.0,172.8,11.8008
312,10364,69,20131126,19,69,1,1,28.8,30,0.0,864.0,0.0,864.0,65.4548
313,10364,71,20131126,19,71,1,1,17.2,5,0.0,86.0,0.0,86.0,6.5152
314,10365,11,20131127,3,11,3,2,16.8,24,0.0,403.2,0.0,403.2,22.0
315,10366,65,20131128,29,65,8,2,16.8,5,0.0,84.0,0.0,84.0,6.2629
316,10366,77,20131128,29,77,8,2,10.4,5,0.0,52.0,0.0,52.0,3.8771
317,10367,34,20131128,83,34,7,3,11.2,36,0.0,403.2,0.0,403.2,6.5492
318,10367,54,20131128,83,54,7,3,5.9,18,0.0,106.2,0.0,106.2,1.725
319,10367,65,20131128,83,65,7,3,16.8,15,0.0,252.0,0.0,252.0,4.0933
320,10367,77,20131128,83,77,7,3,10.4,7,0.0,72.8,0.0,72.8,1.1825
321,10368,21,20131129,20,21,2,2,8.0,5,0.1,40.0,4.0,36.0,2.172
322,10368,28,20131129,20,28,2,2,36.4,13,0.1,473.2,47.32,425.88,25.6947
323,10368,57,20131129,20,57,2,2,15.6,25,0.0,390.0,0.0,390.0,23.53
324,10368,64,20131129,20,64,2,2,26.6,35,0.1,931.0,93.1,837.9,50.5533
325,10369,29,20131202,75,29,8,2,99.0,20,0.0,1980.0,0.0,1980.0,162.0843
326,10369,56,20131202,75,56,8,2,30.4,18,0.25,547.2,136.8,410.4,33.5957
327,10370,1,20131203,14,1,6,2,14.4,15,0.15,216.0,32.4,183.6,0.1922
328,10370,64,20131203,14,64,6,2,26.6,30,0.0,798.0,0.0,798.0,0.8354
329,10370,74,20131203,14,74,6,2,8.0,20,0.15,160.0,24.0,136.0,0.1424
330,10371,36,20131203,41,36,1,1,15.2,6,0.2,91.2,18.24,72.96,0.45
331,10372,20,20131204,62,20,5,2,64.8,12,0.25,777.6,194.4,583.2,56.4009
332,10372,38,20131204,62,38,5,2,210.8,40,0.25,8432.0,2108.0,6324.0,611.5898
333,10372,60,20131204,62,60,5,2,27.2,70,0.25,1904.0,476.0,1428.0,138.1009
334,10372,72,20131204,62,72,5,2,27.8,42,0.25,1167.6,291.9,875.7,84.6884
335,10373,58,20131205,37,58,4,3,10.6,80,0.2,848.0,169.6,678.4,61.624
336,10373,71,20131205,37,71,4,3,17.2,50,0.2,860.0,172.0,688.0,62.496
337,10374,31,20131205,91,31,1,3,10.0,30,0.0,300.0,0.0,300.0,2.5752
338,10374,58,20131205,91,58,1,3,10.6,15,0.0,159.0,0.0,159.0,1.3648
339,10375,14,20131206,36,14,3,2,18.6,15,0.0,279.0,0.0,279.0,16.6079
340,10375,54,20131206,36,54,3,2,5.9,10,0.0,59.0,0.0,59.0,3.5121
341,10376,31,20131209,51,31,1,2,10.0,42,0.05,420.0,21.0,399.0,20.39
342,10377,28,20131209,72,28,1,3,36.4,20,0.15,728.0,109.2,618.8,15.9143
343,10377,39,20131209,72,39,1,3,14.4,20,0.15,288.0,43.2,244.8,6.2957
344,10378,71,20131210,24,71,5,3,17.2,6,0.0,103.2,0.0,103.2,5.44
345,10379,41,20131211,61,41,2,1,7.7,8,0.1,61.6,6.16,55.44,2.8918
346,10379,63,20131211,61,63,2,1,35.1,16,0.1,561.6,56.16,505.44,26.3645
347,10379,65,20131211,61,65,2,1,16.8,20,0.1,336.0,33.6,302.4,15.7736
348,10380,30,20131212,37,30,8,3,20.7,18,0.1,372.6,37.26,335.34,8.9411
349,10380,53,20131212,37,53,8,3,26.2,20,0.1,524.0,52.4,471.6,12.5741
350,10380,60,20131212,37,60,8,3,27.2,6,0.1,163.2,16.32,146.88,3.9162
351,10380,70,20131212,37,70,8,3,12.0,30,0.0,360.0,0.0,360.0,9.5986
352,10381,74,20131212,46,74,3,3,8.0,14,0.0,112.0,0.0,112.0,7.99
353,10382,5,20131213,20,5,4,1,17.0,32,0.0,544.0,0.0,544.0,17.7775
354,10382,18,20131213,20,18,4,1,50.0,9,0.0,450.0,0.0,450.0,14.7057
355,10382,29,20131213,20,29,4,1,99.0,14,0.0,1386.0,0.0,1386.0,45.2935
356,10382,33,20131213,20,33,4,1,2.0,60,0.0,120.0,0.0,120.0,3.9215
357,10382,74,20131213,20,74,4,1,8.0,50,0.0,400.0,0.0,400.0,13.0717
358,10383,13,20131216,4,13,8,3,4.8,20,0.0,96.0,0.0,96.0,3.6563
359,10383,50,20131216,4,50,8,3,13.0,15,0.0,195.0,0.0,195.0,7.4269
360,10383,56,20131216,4,56,8,3,30.4,20,0.0,608.0,0.0,608.0,23.1568
361,10384,20,20131216,5,20,3,3,64.8,28,0.0,1814.4,0.0,1814.4,137.6802
362,10384,60,20131216,5,60,3,3,27.2,15,0.0,408.0,0.0,408.0,30.9598
363,10385,7,20131217,75,7,1,2,24.0,10,0.2,240.0,48.0,192.0,8.6
364,10385,60,20131217,75,60,1,2,27.2,20,0.2,544.0,108.8,435.2,19.4933
365,10385,68,20131217,75,68,1,2,10.0,8,0.2,80.0,16.0,64.0,2.8667
366,10386,24,20131218,21,24,9,3,3.6,15,0.0,54.0,0.0,54.0,4.551
367,10386,34,20131218,21,34,9,3,11.2,10,0.0,112.0,0.0,112.0,9.439
368,10387,24,20131218,70,24,1,2,3.6,15,0.0,54.0,0.0,54.0,4.777
369,10387,28,20131218,70,28,1,2,36.4,6,0.0,218.4,0.0,218.4,19.3205
370,10387,59,20131218,70,59,1,2,44.0,12,0.0,528.0,0.0,528.0,46.7088
371,10387,71,20131218,70,71,1,2,17.2,15,0.0,258.0,0.0,258.0,22.8236
372,10388,45,20131219,72,45,2,1,7.6,15,0.2,114.0,22.8,91.2,2.5873
373,10388,52,20131219,72,52,2,1,5.6,20,0.2,112.0,22.4,89.6,2.5419
374,10388,53,20131219,72,53,2,1,26.2,40,0.0,1048.0,0.0,1048.0,29.7309
375,10389,10,20131220,10,10,4,2,24.8,16,0.0,396.8,0.0,396.8,10.2664
376,10389,55,20131220,10,55,4,2,19.2,15,0.0,288.0,0.0,288.0,7.4514
377,10389,62,20131220,10,62,4,2,39.4,20,0.0,788.0,0.0,788.0,20.3879
378,10389,70,20131220,10,70,4,2,12.0,30,0.0,360.0,0.0,360.0,9.3143
379,10390,31,20131223,20,31,6,1,10.0,60,0.1,600.0,60.0,540.0,32.6395
380,10390,35,20131223,20,35,6,1,14.4,40,0.1,576.0,57.6,518.4,31.3339
381,10390,46,20131223,20,46,6,1,9.6,45,0.0,432.0,0.0,432.0,26.1116
382,10390,72,20131223,20,72,6,1,27.8,24,0.1,667.2,66.72,600.48,36.2951
383,10391,13,20131223,17,13,3,3,4.8,18,0.0,86.4,0.0,86.4,5.45
384,10392,69,20131224,59,69,2,3,28.8,50,0.0,1440.0,0.0,1440.0,122.46
385,10393,2,20131225,71,2,1,3,15.2,25,0.25,380.0,95.0,285.0,14.1065
386,10393,14,20131225,71,14,1,3,18.6,42,0.25,781.2,195.3,585.9,29.0
387,10393,25,20131225,71,25,1,3,11.2,7,0.25,78.4,19.6,58.8,2.9104
388,10393,26,20131225,71,26,1,3,24.9,70,0.25,1743.0,435.75,1307.25,64.7043
389,10393,31,20131225,71,31,1,3,10.0,32,0.0,320.0,0.0,320.0,15.8389
390,10394,13,20131225,36,13,1,3,4.8,10,0.0,48.0,0.0,48.0,3.2948
391,10394,62,20131225,36,62,1,3,39.4,10,0.0,394.0,0.0,394.0,27.0452
392,10395,46,20131226,35,46,6,1,9.6,28,0.1,268.8,26.88,241.92,21.0147
393,10395,53,20131226,35,53,6,1,26.2,70,0.1,1834.0,183.4,1650.6,143.3814
394,10395,69,20131226,35,69,6,1,28.8,8,0.0,230.4,0.0,230.4,20.014
395,10396,23,20131227,25,23,1,3,7.2,40,0.0,288.0,0.0,288.0,20.4753
396,10396,71,20131227,25,71,1,3,17.2,60,0.0,1032.0,0.0,1032.0,73.3697
397,10396,72,20131227,25,72,1,3,27.8,21,0.0,583.8,0.0,583.8,41.5051
398,10397,21,20131227,60,21,5,1,8.0,10,0.15,80.0,12.0,68.0,5.7173
399,10397,51,20131227,60,51,5,1,42.4,18,0.15,763.2,114.48,648.72,54.5427
400,10398,35,20131230,71,35,2,3,14.4,30,0.0,432.0,0.0,432.0,15.3724
401,10398,55,20131230,71,55,2,3,19.2,120,0.1,2304.0,230.4,2073.6,73.7876
402,10399,68,20131231,83,68,8,3,10.0,60,0.0,600.0,0.0,600.0,9.2977
403,10399,71,20131231,83,71,8,3,17.2,30,0.0,516.0,0.0,516.0,7.996
404,10399,76,20131231,83,76,8,3,14.4,35,0.0,504.0,0.0,504.0,7.8101
405,10399,77,20131231,83,77,8,3,10.4,14,0.0,145.6,0.0,145.6,2.2562
406,10400,29,20140101,19,29,1,3,99.0,21,0.0,2079.0,0.0,2079.0,56.9672
407,10400,35,20140101,19,35,1,3,14.4,35,0.0,504.0,0.0,504.0,13.8102
408,10400,49,20140101,19,49,1,3,16.0,30,0.0,480.0,0.0,480.0,13.1526
409,10401,30,20140101,65,30,1,1,20.7,18,0.0,372.6,0.0,372.6,1.2049
410,10401,56,20140101,65,56,1,1,30.4,70,0.0,2128.0,0.0,2128.0,6.8814
411,10401,65,20140101,65,65,1,1,16.8,20,0.0,336.0,0.0,336.0,1.0865
412,10401,71,20140101,65,71,1,1,17.2,60,0.0,1032.0,0.0,1032.0,3.3372
413,10402,23,20140102,20,23,8,2,7.2,60,0.0,432.0,0.0,432.0,10.8068
414,10402,63,20140102,20,63,8,2,35.1,65,0.0,2281.5,0.0,2281.5,57.0732
415,10403,16,20140103,20,16,4,3,13.9,21,0.15,291.9,43.78,248.12,21.4133
416,10403,48,20140103,20,48,4,3,10.2,70,0.15,714.0,107.1,606.9,52.3767
417,10404,26,20140103,49,26,2,1,24.9,30,0.05,747.0,37.35,709.65,69.558
418,10404,42,20140103,49,42,2,1,11.2,40,0.05,448.0,22.4,425.6,41.7162
419,10404,49,20140103,49,49,2,1,16.0,30,0.05,480.0,24.0,456.0,44.6959
420,10405,3,20140106,47,3,1,1,8.0,50,0.0,400.0,0.0,400.0,34.82
421,10406,1,20140107,62,1,7,1,14.4,10,0.0,144.0,0.0,144.0,8.4979
422,10406,21,20140107,62,21,7,1,8.0,30,0.1,240.0,24.0,216.0,12.7468
423,10406,28,20140107,62,28,7,1,36.4,42,0.1,1528.8,152.88,1375.92,81.1973
424,10406,36,20140107,62,36,7,1,15.2,5,0.1,76.0,7.6,68.4,4.0365
425,10406,40,20140107,62,40,7,1,14.7,2,0.1,29.4,2.94,26.46,1.5615
426,10407,11,20140107,56,11,2,2,16.8,30,0.0,504.0,0.0,504.0,38.6147
427,10407,69,20140107,56,69,2,2,28.8,15,0.0,432.0,0.0,432.0,33.0983
428,10407,71,20140107,56,71,2,2,17.2,15,0.0,258.0,0.0,258.0,19.767
429,10408,37,20140108,23,37,8,1,20.8,10,0.0,208.0,0.0,208.0,1.4436
430,10408,54,20140108,23,54,8,1,5.9,6,0.0,35.4,0.0,35.4,0.2457
431,10408,62,20140108,23,62,8,1,39.4,35,0.0,1379.0,0.0,1379.0,9.5707
432,10409,14,20140109,54,14,3,1,18.6,12,0.0,223.2,0.0,223.2,20.8586
433,10409,21,20140109,54,21,3,1,8.0,12,0.0,96.0,0.0,96.0,8.9714
434,10410,33,20140110,10,33,3,3,2.0,49,0.0,98.0,0.0,98.0,0.2933
435,10410,59,20140110,10,59,3,3,44.0,16,0.0,704.0,0.0,704.0,2.1067
436,10411,41,20140110,10,41,9,3,7.7,25,0.2,192.5,38.5,154.0,3.7672
437,10411,44,20140110,10,44,9,3,15.5,40,0.2,620.0,124.0,496.0,12.1332
438,10411,59,20140110,10,59,9,3,44.0,9,0.2,396.0,79.2,316.8,7.7496
439,10412,14,20140113,87,14,8,2,18.6,20,0.1,372.0,37.2,334.8,3.77
440,10413,1,20140114,41,1,3,2,14.4,24,0.0,345.6,0.0,345.6,15.5709
441,10413,62,20140114,41,62,3,2,39.4,40,0.0,1576.0,0.0,1576.0,71.0061
442,10413,76,20140114,41,76,3,2,14.4,14,0.0,201.6,0.0,201.6,9.083
443,10414,19,20140114,21,19,2,3,7.3,18,0.05,131.4,6.57,124.83,11.9261
444,10414,33,20140114,21,33,2,3,2.0,50,0.0,100.0,0.0,100.0,9.5539
445,10415,17,20140115,36,17,3,1,31.2,2,0.0,62.4,0.0,62.4,0.1219
446,10415,33,20140115,36,33,3,1,2.0,20,0.0,40.0,0.0,40.0,0.0781
447,10416,19,20140116,87,19,8,3,7.3,20,0.0,146.0,0.0,146.0,4.6071
448,10416,53,20140116,87,53,8,3,26.2,10,0.0,262.0,0.0,262.0,8.2676
449,10416,57,20140116,87,57,8,3,15.6,20,0.0,312.0,0.0,312.0,9.8453
450,10417,38,20140116,73,38,4,3,210.8,50,0.0,10540.0,0.0,10540.0,66.2165
451,10417,46,20140116,73,46,4,3,9.6,2,0.25,19.2,4.8,14.4,0.0905
452,10417,68,20140116,73,68,4,3,10.0,36,0.25,360.0,90.0,270.0,1.6962
453,10417,77,20140116,73,77,4,3,10.4,35,0.0,364.0,0.0,364.0,2.2868
454,10418,2,20140117,63,2,4,1,15.2,60,0.0,912.0,0.0,912.0,8.8195
455,10418,47,20140117,63,47,4,1,7.6,55,0.0,418.0,0.0,418.0,4.0423
456,10418,61,20140117,63,61,4,1,22.8,16,0.0,364.8,0.0,364.8,3.5278
457,10418,74,20140117,63,74,4,1,8.0,15,0.0,120.0,0.0,120.0,1.1605
458,10419,60,20140120,68,60,4,2,27.2,60,0.05,1632.0,81.6,1550.4,101.5196
459,10419,69,20140120,68,69,4,2,28.8,20,0.05,576.0,28.8,547.2,35.8304
460,10420,9,20140121,88,9,3,1,77.6,20,0.1,1552.0,155.2,1396.8,36.0847
461,10420,13,20140121,88,13,3,1,4.8,2,0.1,9.6,0.96,8.64,0.2232
462,10420,70,20140121,88,70,3,1,12.0,8,0.1,96.0,9.6,86.4,2.232
463,10420,73,20140121,88,73,3,1,12.0,20,0.1,240.0,24.0,216.0,5.5801
464,10421,19,20140121,61,19,8,1,7.3,4,0.15,29.2,4.38,24.82,2.0623
465,10421,26,20140121,61,26,8,1,24.9,30,0.0,747.0,0.0,747.0,62.067
466,10421,53,20140121,61,53,8,1,26.2,15,0.15,393.0,58.95,334.05,27.7557
467,10421,77,20140121,61,77,8,1,10.4,10,0.15,104.0,15.6,88.4,7.345
468,10422,26,20140122,27,26,2,1,24.9,2,0.0,49.8,0.0,49.8,3.02
469,10423,31,20140123,31,31,6,3,10.0,14,0.0,140.0,0.0,140.0,3.3627
470,10423,59,20140123,31,59,6,3,44.0,20,0.0,880.0,0.0,880.0,21.1373
471,10424,35,20140123,51,35,7,2,14.4,60,0.2,864.0,172.8,691.2,27.8606
472,10424,38,20140123,51,38,7,2,210.8,49,0.2,10329.2,2065.84,8263.36,333.0756
473,10424,68,20140123,51,68,7,2,10.0,30,0.2,300.0,60.0,240.0,9.6738
474,10425,55,20140124,41,55,6,2,19.2,10,0.25,192.0,48.0,144.0,3.172
475,10425,76,20140124,41,76,6,2,14.4,20,0.25,288.0,72.0,216.0,4.758
476,10426,56,20140127,29,56,4,1,30.4,5,0.0,152.0,0.0,152.0,8.4
477,10426,64,20140127,29,64,4,1,26.6,7,0.0,186.2,0.0,186.2,10.29
478,10427,14,20140127,59,14,4,2,18.6,35,0.0,651.0,0.0,651.0,31.29
479,10428,46,20140128,66,46,7,1,9.6,20,0.0,192.0,0.0,192.0,11.09
480,10429,50,20140129,37,50,3,2,13.0,40,0.0,520.0,0.0,520.0,20.4301
481,10429,63,20140129,37,63,3,2,35.1,35,0.25,1228.5,307.12,921.38,36.1999
482,10430,17,20140130,20,17,4,1,31.2,45,0.2,1404.0,280.8,1123.2,105.1808
483,10430,21,20140130,20,21,4,1,8.0,50,0.0,400.0,0.0,400.0,37.4575
484,10430,56,20140130,20,56,4,1,30.4,30,0.0,912.0,0.0,912.0,85.4032
485,10430,59,20140130,20,59,4,1,44.0,70,0.2,3080.0,616.0,2464.0,230.7385
486,10431,17,20140130,10,17,4,2,31.2,50,0.25,1560.0,390.0,1170.0,27.3108
487,10431,40,20140130,10,40,4,2,14.7,50,0.25,735.0,183.75,551.25,12.8676
488,10431,47,20140130,10,47,4,2,7.6,30,0.25,228.0,57.0,171.0,3.9916
489,10432,26,20140131,75,26,3,2,24.9,10,0.0,249.0,0.0,249.0,2.2282
490,10432,54,20140131,75,54,3,2,5.9,40,0.0,236.0,0.0,236.0,2.1118
491,10433,56,20140203,60,56,3,3,30.4,28,0.0,851.2,0.0,851.2,73.83
492,10434,11,20140203,24,11,3,2,16.8,6,0.0,100.8,0.0,100.8,5.6251
493,10434,76,20140203,24,76,3,2,14.4,18,0.15,259.2,38.88,220.32,12.2949
494,10435,2,20140204,16,2,8,2,15.2,10,0.0,152.0,0.0,152.0,2.2165
495,10435,22,20140204,16,22,8,2,16.8,12,0.0,201.6,0.0,201.6,2.9397
496,10435,72,20140204,16,72,8,2,27.8,10,0.0,278.0,0.0,278.0,4.0538
497,10436,46,20140205,7,46,3,2,9.6,5,0.0,48.0,0.0,48.0,3.7702
498,10436,56,20140205,7,56,3,2,30.4,40,0.1,1216.0,121.6,1094.4,85.9599
499,10436,64,20140205,7,64,3,2,26.6,30,0.1,798.0,79.8,718.2,56.4112
500,10436,75,20140205,7,75,3,2,6.2,24,0.1,148.8,14.88,133.92,10.5188
501,10437,53,20140205,87,53,8,1,26.2,15,0.0,393.0,0.0,393.0,19.97
502,10438,19,20140206,79,19,3,2,7.3,15,0.2,109.5,21.9,87.6,1.5899
503,10438,34,20140206,79,34,3,2,11.2,20,0.2,224.0,44.8,179.2,3.2524
504,10438,57,20140206,79,57,3,2,15.6,15,0.2,234.0,46.8,187.2,3.3976
505,10439,12,20140207,51,12,6,3,30.4,15,0.0,456.0,0.0,456.0,1.7216
506,10439,16,20140207,51,16,6,3,13.9,16,0.0,222.4,0.0,222.4,0.8397
507,10439,64,20140207,51,64,6,3,26.6,6,0.0,159.6,0.0,159.6,0.6026
508,10439,74,20140207,51,74,6,3,8.0,30,0.0,240.0,0.0,240.0,0.9061
509,10440,2,20140210,71,2,4,2,15.2,45,0.15,684.0,102.6,581.4,10.2167
510,10440,16,20140210,71,16,4,2,13.9,49,0.15,681.1,102.16,578.94,10.1735
511,10440,29,20140210,71,29,4,2,99.0,24,0.15,2376.0,356.4,2019.6,35.4896
512,10440,61,20140210,71,61,4,2,22.8,90,0.15,2052.0,307.8,1744.2,30.6501
513,10441,27,20140210,55,27,3,2,35.1,50,0.0,1755.0,0.0,1755.0,73.02
514,10442,11,20140211,20,11,3,2,16.8,30,0.0,504.0,0.0,504.0,13.4831
515,10442,54,20140211,20,54,3,2,5.9,80,0.0,472.0,0.0,472.0,12.6271
516,10442,66,20140211,20,66,3,2,13.6,60,0.0,816.0,0.0,816.0,21.8298
517,10443,11,20140212,66,11,8,1,16.8,6,0.2,100.8,20.16,80.64,2.174
518,10443,28,20140212,66,28,8,1,36.4,12,0.0,436.8,0.0,436.8,11.776
519,10444,17,20140212,5,17,3,3,31.2,10,0.0,312.0,0.0,312.0,1.0584
520,10444,26,20140212,5,26,3,3,24.9,15,0.0,373.5,0.0,373.5,1.2671
521,10444,35,20140212,5,35,3,3,14.4,8,0.0,115.2,0.0,115.2,0.3908
522,10444,41,20140212,5,41,3,3,7.7,30,0.0,231.0,0.0,231.0,0.7837
523,10445,39,20140213,5,39,3,1,14.4,6,0.0,86.4,0.0,86.4,4.5942
524,10445,54,20140213,5,54,3,1,5.9,15,0.0,88.5,0.0,88.5,4.7058
525,10446,19,20140214,79,19,6,1,7.3,12,0.1,87.6,8.76,78.84,4.7002
526,10446,24,20140214,79,24,6,1,3.6,20,0.1,72.0,7.2,64.8,3.8632
527,10446,31,20140214,79,31,6,1,10.0,3,0.1,30.0,3.0,27.0,1.6096
528,10446,52,20140214,79,52,6,1,5.6,15,0.1,84.0,8.4,75.6,4.507
529,10447,19,20140214,67,19,4,2,7.3,40,0.0,292.0,0.0,292.0,21.9255
530,10447,65,20140214,67,65,4,2,16.8,35,0.0,588.0,0.0,588.0,44.1514
531,10447,71,20140214,67,71,4,2,17.2,2,0.0,34.4,0.0,34.4,2.583
532,10448,26,20140217,64,26,4,2,24.9,6,0.0,149.4,0.0,149.4,13.0801
533,10448,40,20140217,64,40,4,2,14.7,20,0.0,294.0,0.0,294.0,25.7399
534,10449,10,20140218,7,10,3,2,24.8,14,0.0,347.2,0.0,347.2,10.0673
535,10449,52,20140218,7,52,3,2,5.6,20,0.0,112.0,0.0,112.0,3.2475
536,10449,62,20140218,7,62,3,2,39.4,35,0.0,1379.0,0.0,1379.0,39.9851
537,10450,10,20140219,84,10,8,2,24.8,20,0.2,496.0,99.2,396.8,6.7484
538,10450,54,20140219,84,54,8,2,5.9,6,0.2,35.4,7.08,28.32,0.4816
539,10451,55,20140219,63,55,4,3,19.2,120,0.1,2304.0,230.4,2073.6,101.8524
540,10451,64,20140219,63,64,4,3,26.6,35,0.1,931.0,93.1,837.9,41.1565
541,10451,65,20140219,63,65,4,3,16.8,28,0.1,470.4,47.04,423.36,20.7949
542,10451,77,20140219,63,77,4,3,10.4,55,0.1,572.0,57.2,514.8,25.2863
543,10452,28,20140220,71,28,8,1,36.4,15,0.0,546.0,0.0,546.0,37.94
544,10452,44,20140220,71,44,8,1,15.5,100,0.05,1550.0,77.5,1472.5,102.32
545,10453,48,20140221,4,48,1,2,10.2,15,0.1,153.0,15.3,137.7,8.5653
546,10453,70,20140221,4,70,1,2,12.0,25,0.1,300.0,30.0,270.0,16.7947
547,10454,16,20140221,41,16,4,3,13.9,20,0.2,278.0,55.6,222.4,1.8399
548,10454,33,20140221,41,33,4,3,2.0,20,0.2,40.0,8.0,32.0,0.2647
549,10454,46,20140221,41,46,4,3,9.6,10,0.2,96.0,19.2,76.8,0.6354
550,10455,39,20140224,87,39,8,2,14.4,20,0.0,288.0,0.0,288.0,19.3627
551,10455,53,20140224,87,53,8,2,26.2,50,0.0,1310.0,0.0,1310.0,88.0736
552,10455,61,20140224,87,61,8,2,22.8,25,0.0,570.0,0.0,570.0,38.3221
553,10455,71,20140224,87,71,8,2,17.2,30,0.0,516.0,0.0,516.0,34.6916
554,10456,21,20140225,39,21,8,2,8.0,40,0.15,320.0,48.0,272.0,3.961
555,10456,49,20140225,39,49,8,2,16.0,21,0.15,336.0,50.4,285.6,4.159
556,10457,59,20140225,39,59,2,1,44.0,36,0.0,1584.0,0.0,1584.0,11.57
557,10458,26,20140226,76,26,7,3,24.9,30,0.0,747.0,0.0,747.0,28.2328
558,10458,28,20140226,76,28,7,3,36.4,30,0.0,1092.0,0.0,1092.0,41.272
559,10458,43,20140226,76,43,7,3,36.8,20,0.0,736.0,0.0,736.0,27.8171
560,10458,56,20140226,76,56,7,3,30.4,15,0.0,456.0,0.0,456.0,17.2345
561,10458,71,20140226,76,71,7,3,17.2,50,0.0,860.0,0.0,860.0,32.5036
562,10459,7,20140227,84,7,4,2,24.0,16,0.05,384.0,19.2,364.8,5.5164
563,10459,46,20140227,84,46,4,2,9.6,20,0.05,192.0,9.6,182.4,2.7582
564,10459,72,20140227,84,72,4,2,27.8,40,0.0,1112.0,0.0,1112.0,16.8154
565,10460,68,20140228,24,68,8,1,10.0,21,0.25,210.0,52.5,157.5,14.5515
566,10460,75,20140228,24,75,8,1,6.2,4,0.25,24.8,6.2,18.6,1.7185
567,10461,21,20140228,46,21,1,3,8.0,40,0.25,320.0,80.0,240.0,23.1796
568,10461,30,20140228,46,30,1,3,20.7,28,0.25,579.6,144.9,434.7,41.984
569,10461,55,20140228,46,55,1,3,19.2,60,0.25,1152.0,288.0,864.0,83.4464
570,10462,13,20140303,16,13,2,1,4.8,1,0.0,4.8,0.0,4.8,0.1898
571,10462,23,20140303,16,23,2,1,7.2,21,0.0,151.2,0.0,151.2,5.9802
572,10463,19,20140304,76,19,5,3,7.3,21,0.0,153.3,0.0,153.3,3.1765
573,10463,42,20140304,76,42,5,3,11.2,50,0.0,560.0,0.0,560.0,11.6035
574,10464,4,20140304,28,4,4,2,17.6,16,0.2,281.6,56.32,225.28,12.4589
575,10464,43,20140304,28,43,4,2,36.8,3,0.0,110.4,0.0,110.4,6.1056
576,10464,56,20140304,28,56,4,2,30.4,30,0.2,912.0,182.4,729.6,40.35
577,10464,60,20140304,28,60,4,2,27.2,20,0.0,544.0,0.0,544.0,30.0855
578,10465,24,20140305,83,24,1,3,3.6,25,0.0,90.0,0.0,90.0,5.1841
579,10465,29,20140305,83,29,1,3,99.0,18,0.1,1782.0,178.2,1603.8,92.3809
580,10465,40,20140305,83,40,1,3,14.7,20,0.0,294.0,0.0,294.0,16.9348
581,10465,45,20140305,83,45,1,3,7.6,30,0.1,228.0,22.8,205.2,11.8198
582,10465,50,20140305,83,50,1,3,13.0,25,0.0,325.0,0.0,325.0,18.7204
583,10466,11,20140306,15,11,4,1,16.8,10,0.0,168.0,0.0,168.0,9.2789
584,10466,46,20140306,15,46,4,1,9.6,5,0.0,48.0,0.0,48.0,2.6511
585,10467,24,20140306,49,24,8,2,3.6,28,0.0,100.8,0.0,100.8,2.1129
586,10467,25,20140306,49,25,8,2,11.2,12,0.0,134.4,0.0,134.4,2.8171
587,10468,30,20140307,39,30,3,3,20.7,8,0.0,165.6,0.0,165.6,10.1815
588,10468,43,20140307,39,43,3,3,36.8,15,0.0,552.0,0.0,552.0,33.9385
589,10469,2,20140310,89,2,1,1,15.2,40,0.15,608.0,91.2,516.8,32.5093
590,10469,16,20140310,89,16,1,1,13.9,35,0.15,486.5,72.97,413.53,26.0131
591,10469,44,20140310,89,44,1,1,15.5,2,0.15,31.0,4.65,26.35,1.6575
592,10470,18,20140311,9,18,4,2,50.0,30,0.0,1500.0,0.0,1500.0,53.1854
593,10470,23,20140311,9,23,4,2,7.2,15,0.0,108.0,0.0,108.0,3.8293
594,10470,64,20140311,9,64,4,2,26.6,8,0.0,212.8,0.0,212.8,7.5452
595,10471,7,20140311,11,7,2,3,24.0,30,0.0,720.0,0.0,720.0,24.7175
596,10471,56,20140311,11,56,2,3,30.4,20,0.0,608.0,0.0,608.0,20.8725
597,10472,24,20140312,72,24,8,1,3.6,80,0.05,288.0,14.4,273.6,1.1083
598,10472,51,20140312,72,51,8,1,42.4,18,0.0,763.2,0.0,763.2,3.0917
599,10473,33,20140313,38,33,1,3,2.0,12,0.0,24.0,0.0,24.0,1.7052
600,10473,71,20140313,38,71,1,3,17.2,12,0.0,206.4,0.0,206.4,14.6648
601,10474,14,20140313,58,14,5,2,18.6,12,0.0,223.2,0.0,223.2,14.9187
602,10474,28,20140313,58,28,5,2,36.4,18,0.0,655.2,0.0,655.2,43.7936
603,10474,40,20140313,58,40,5,2,14.7,21,0.0,308.7,0.0,308.7,20.6335
604,10474,75,20140313,58,75,5,2,6.2,10,0.0,62.0,0.0,62.0,4.1441
605,10475,31,20140314,76,31,9,1,10.0,35,0.15,350.0,52.5,297.5,13.543
606,10475,66,20140314,76,66,9,1,13.6,60,0.15,816.0,122.4,693.6,31.5746
607,10475,76,20140314,76,76,9,1,14.4,42,0.15,604.8,90.72,514.08,23.4024
608,10476,55,20140317,35,55,8,3,19.2,2,0.05,38.4,1.92,36.48,0.8914
609,10476,70,20140317,35,70,8,3,12.0,12,0.0,144.0,0.0,144.0,3.5186
610,10477,1,20140317,60,1,5,2,14.4,15,0.0,216.0,0.0,216.0,5.04
611,10477,21,20140317,60,21,5,2,8.0,21,0.25,168.0,42.0,126.0,2.94
612,10477,39,20140317,60,39,5,2,14.4,20,0.25,288.0,72.0,216.0,5.04
613,10478,10,20140318,84,10,2,3,24.8,20,0.05,496.0,24.8,471.2,4.81
614,10479,38,20140319,65,38,3,3,210.8,30,0.0,6324.0,0.0,6324.0,427.1695
615,10479,53,20140319,65,53,3,3,26.2,28,0.0,733.6,0.0,733.6,49.5527
616,10479,59,20140319,65,59,3,3,44.0,60,0.0,2640.0,0.0,2640.0,178.325
617,10479,64,20140319,65,64,3,3,26.6,30,0.0,798.0,0.0,798.0,53.9028
618,10480,47,20140320,23,47,6,2,7.6,30,0.0,228.0,0.0,228.0,0.4071
619,10480,59,20140320,23,59,6,2,44.0,12,0.0,528.0,0.0,528.0,0.9429
620,10481,49,20140320,67,49,8,2,16.0,24,0.0,384.0,0.0,384.0,16.7817
621,10481,60,20140320,67,60,8,2,27.2,40,0.0,1088.0,0.0,1088.0,47.5483
622,10482,40,20140321,43,40,1,3,14.7,10,0.0,147.0,0.0,147.0,7.48
623,10483,34,20140324,89,34,7,2,11.2,35,0.05,392.0,19.6,372.4,8.5082
624,10483,77,20140324,89,77,7,2,10.4,30,0.05,312.0,15.6,296.4,6.7718
625,10484,21,20140324,11,21,3,3,8.0,14,0.0,112.0,0.0,112.0,1.9952
626,10484,40,20140324,11,40,3,3,14.7,10,0.0,147.0,0.0,147.0,2.6187
627,10484,51,20140324,11,51,3,3,42.4,3,0.0,127.2,0.0,127.2,2.266
628,10485,2,20140325,47,2,4,2,15.2,20,0.1,304.0,30.4,273.6,11.1323
629,10485,3,20140325,47,3,4,2,8.0,20,0.1,160.0,16.0,144.0,5.8591
630,10485,55,20140325,47,55,4,2,19.2,30,0.1,576.0,57.6,518.4,21.0927
631,10485,70,20140325,47,70,4,2,12.0,60,0.1,720.0,72.0,648.0,26.3659
632,10486,11,20140326,35,11,1,2,16.8,5,0.0,84.0,0.0,84.0,2.0161
633,10486,51,20140326,35,51,1,2,42.4,25,0.0,1060.0,0.0,1060.0,25.4417
634,10486,74,20140326,35,74,1,2,8.0,16,0.0,128.0,0.0,128.0,3.0722
635,10487,19,20140326,62,19,2,2,7.3,5,0.0,36.5,0.0,36.5,2.9157
636,10487,26,20140326,62,26,2,2,24.9,30,0.0,747.0,0.0,747.0,59.671
637,10487,54,20140326,62,54,2,2,5.9,24,0.25,141.6,35.4,106.2,8.4833
638,10488,59,20140327,25,59,8,2,44.0,30,0.0,1320.0,0.0,1320.0,4.304
639,10488,73,20140327,25,73,8,2,12.0,20,0.2,240.0,48.0,192.0,0.626
640,10489,11,20140328,59,11,6,2,16.8,15,0.25,252.0,63.0,189.0,2.2764
641,10489,16,20140328,59,16,6,2,13.9,18,0.0,250.2,0.0,250.2,3.0136
642,10490,59,20140331,35,59,7,2,44.0,60,0.0,2640.0,0.0,2640.0,175.4241
643,10490,68,20140331,35,68,7,2,10.0,30,0.0,300.0,0.0,300.0,19.9346
644,10490,75,20140331,35,75,7,2,6.2,36,0.0,223.2,0.0,223.2,14.8313
645,10491,44,20140331,28,44,8,3,15.5,15,0.15,232.5,34.88,197.62,12.9157
646,10491,77,20140331,28,77,8,3,10.4,7,0.15,72.8,10.92,61.88,4.0443
647,10492,25,20140401,10,25,3,1,11.2,60,0.05,672.0,33.6,638.4,47.1675
648,10492,42,20140401,10,42,3,1,11.2,20,0.05,224.0,11.2,212.8,15.7225
649,10493,65,20140402,41,65,4,3,16.8,15,0.1,252.0,25.2,226.8,3.9664
650,10493,66,20140402,41,66,4,3,13.6,10,0.1,136.0,13.6,122.4,2.1406
651,10493,69,20140402,41,69,4,3,28.8,10,0.1,288.0,28.8,259.2,4.533
652,10494,56,20140402,15,56,4,2,30.4,30,0.0,912.0,0.0,912.0,65.99
653,10495,23,20140403,42,23,3,3,7.2,10,0.0,72.0,0.0,72.0,1.2043
654,10495,41,20140403,42,41,3,3,7.7,20,0.0,154.0,0.0,154.0,2.5759
655,10495,77,20140403,42,77,3,3,10.4,5,0.0,52.0,0.0,52.0,0.8698
656,10496,31,20140404,81,31,7,2,10.0,20,0.05,200.0,10.0,190.0,46.77
657,10497,56,20140404,44,56,7,1,30.4,14,0.0,425.6,0.0,425.6,11.1625
658,10497,72,20140404,44,72,7,1,27.8,25,0.0,695.0,0.0,695.0,18.2283
659,10497,77,20140404,44,77,7,1,10.4,25,0.0,260.0,0.0,260.0,6.8192
660,10498,24,20140407,35,24,8,2,4.5,14,0.0,63.0,0.0,63.0,3.2596
661,10498,40,20140407,35,40,8,2,18.4,5,0.0,92.0,0.0,92.0,4.76
662,10498,42,20140407,35,42,8,2,14.0,30,0.0,420.0,0.0,420.0,21.7304
663,10499,28,20140408,46,28,4,2,45.6,20,0.0,912.0,0.0,912.0,65.8939
664,10499,49,20140408,46,49,4,2,20.0,25,0.0,500.0,0.0,500.0,36.1261
665,10500,15,20140409,41,15,6,1,15.5,12,0.05,186.0,9.3,176.7,14.4126
666,10500,28,20140409,41,28,6,1,45.6,8,0.05,364.8,18.24,346.56,28.2674
667,10501,54,20140409,6,54,9,3,7.45,20,0.0,149.0,0.0,149.0,8.85
668,10502,45,20140410,58,45,2,1,9.5,21,0.0,199.5,0.0,199.5,16.9415
669,10502,53,20140410,58,53,2,1,32.8,6,0.0,196.8,0.0,196.8,16.7122
670,10502,67,20140410,58,67,2,1,14.0,30,0.0,420.0,0.0,420.0,35.6663
671,10503,14,20140411,37,14,6,2,23.25,70,0.0,1627.5,0.0,1627.5,13.2997
672,10503,65,20140411,37,65,6,2,21.05,20,0.0,421.0,0.0,421.0,3.4403
673,10504,2,20140411,89,2,4,3,19.0,12,0.0,228.0,0.0,228.0,9.7095
674,10504,21,20140411,89,21,4,3,10.0,12,0.0,120.0,0.0,120.0,5.1103
675,10504,53,20140411,89,53,4,3,32.8,10,0.0,328.0,0.0,328.0,13.9681
676,10504,61,20140411,89,61,4,3,28.5,25,0.0,712.5,0.0,712.5,30.3422
677,10505,62,20140414,51,62,3,3,49.3,3,0.0,147.9,0.0,147.9,7.13
678,10506,25,20140415,39,25,9,2,14.0,18,0.1,252.0,25.2,226.8,11.5582
679,10506,70,20140415,39,70,9,2,15.0,14,0.1,210.0,21.0,189.0,9.6318
680,10507,43,20140415,3,43,7,1,46.0,15,0.15,690.0,103.5,586.5,37.1525
681,10507,48,20140415,3,48,7,1,12.75,15,0.15,191.25,28.69,162.56,10.2975
682,10508,13,20140416,56,13,1,2,6.0,10,0.0,60.0,0.0,60.0,1.2475
683,10508,39,20140416,56,39,1,2,18.0,10,0.0,180.0,0.0,180.0,3.7425
684,10509,28,20140417,6,28,4,1,45.6,3,0.0,136.8,0.0,136.8,0.15
685,10510,29,20140418,71,29,6,3,123.79,36,0.0,4456.44,0.0,4456.44,348.0206
686,10510,75,20140418,71,75,6,3,7.75,36,0.1,279.0,27.9,251.1,19.6094
687,10511,4,20140418,9,4,4,3,22.0,50,0.15,1100.0,165.0,935.0,128.568
688,10511,7,20140418,9,7,4,3,30.0,50,0.15,1500.0,225.0,1275.0,175.32
689,10511,8,20140418,9,8,4,3,40.0,10,0.15,400.0,60.0,340.0,46.752
690,10512,24,20140421,21,24,7,2,4.5,10,0.15,45.0,6.75,38.25,0.257
691,10512,46,20140421,21,46,7,2,12.0,9,0.15,108.0,16.2,91.8,0.6169
692,10512,47,20140421,21,47,7,2,9.5,6,0.15,57.0,8.55,48.45,0.3256
693,10512,60,20140421,21,60,7,2,34.0,12,0.15,408.0,61.2,346.8,2.3305
694,10513,21,20140422,86,21,7,1,10.0,40,0.2,400.0,80.0,320.0,17.4089
695,10513,32,20140422,86,32,7,1,32.0,50,0.2,1600.0,320.0,1280.0,69.6354
696,10513,61,20140422,86,61,7,1,28.5,15,0.2,427.5,85.5,342.0,18.6057
697,10514,20,20140422,20,20,3,2,81.0,39,0.0,3159.0,0.0,3159.0,289.3798
698,10514,28,20140422,20,28,3,2,45.6,35,0.0,1596.0,0.0,1596.0,146.2014
699,10514,56,20140422,20,56,3,2,38.0,70,0.0,2660.0,0.0,2660.0,243.6689
700,10514,65,20140422,20,65,3,2,21.05,39,0.0,820.95,0.0,820.95,75.203
701,10514,75,20140422,20,75,3,2,7.75,50,0.0,387.5,0.0,387.5,35.4969
702,10515,9,20140423,63,9,2,1,97.0,16,0.15,1552.0,232.8,1319.2,27.1876
703,10515,16,20140423,63,16,2,1,17.45,50,0.0,872.5,0.0,872.5,17.9815
704,10515,27,20140423,63,27,2,1,43.9,120,0.0,5268.0,0.0,5268.0,108.5692
705,10515,33,20140423,63,33,2,1,2.5,16,0.15,40.0,6.0,34.0,0.7007
706,10515,60,20140423,63,60,2,1,34.0,84,0.15,2856.0,428.4,2427.6,50.0309
707,10516,18,20140424,37,18,2,3,62.5,25,0.1,1562.5,156.25,1406.25,37.0779
708,10516,41,20140424,37,41,2,3,9.65,80,0.1,772.0,77.2,694.8,18.3195
709,10516,42,20140424,37,42,2,3,14.0,20,0.0,280.0,0.0,280.0,7.3826
710,10517,52,20140424,53,52,3,3,7.0,6,0.0,42.0,0.0,42.0,3.8265
711,10517,59,20140424,53,59,3,3,55.0,4,0.0,220.0,0.0,220.0,20.0438
712,10517,70,20140424,53,70,3,3,15.0,6,0.0,90.0,0.0,90.0,8.1997
713,10518,24,20140425,80,24,4,2,4.5,5,0.0,22.5,0.0,22.5,1.1827
714,10518,38,20140425,80,38,4,2,263.5,15,0.0,3952.5,0.0,3952.5,207.7657
715,10518,44,20140425,80,44,4,2,19.45,9,0.0,175.05,0.0,175.05,9.2016
716,10519,10,20140428,14,10,6,3,31.0,16,0.05,496.0,24.8,471.2,18.6835
717,10519,56,20140428,14,56,6,3,38.0,40,0.0,1520.0,0.0,1520.0,60.2693
718,10519,60,20140428,14,60,6,3,34.0,10,0.05,340.0,17.0,323.0,12.8072
719,10520,24,20140429,70,24,7,1,4.5,8,0.0,36.0,0.0,36.0,2.4066
720,10520,53,20140429,70,53,7,1,32.8,5,0.0,164.0,0.0,164.0,10.9634
721,10521,35,20140429,12,35,8,2,18.0,3,0.0,54.0,0.0,54.0,4.1236
722,10521,41,20140429,12,41,8,2,9.65,10,0.0,96.5,0.0,96.5,7.3691
723,10521,68,20140429,12,68,8,2,12.5,6,0.0,75.0,0.0,75.0,5.7273
724,10522,1,20140430,44,1,4,1,18.0,40,0.2,720.0,144.0,576.0,11.2629
725,10522,8,20140430,44,8,4,1,40.0,24,0.0,960.0,0.0,960.0,18.7715
726,10522,30,20140430,44,30,4,1,25.89,20,0.2,517.8,103.56,414.24,8.0999
727,10522,40,20140430,44,40,4,1,18.4,25,0.2,460.0,92.0,368.0,7.1957
728,10523,17,20140501,72,17,7,2,39.0,25,0.1,975.0,97.5,877.5,27.8689
729,10523,20,20140501,72,20,7,2,81.0,15,0.1,1215.0,121.5,1093.5,34.729
730,10523,37,20140501,72,37,7,2,26.0,18,0.1,468.0,46.8,421.2,13.3771
731,10523,41,20140501,72,41,7,2,9.65,6,0.1,57.9,5.79,52.11,1.655
732,10524,10,20140501,5,10,1,2,31.0,2,0.0,62.0,0.0,62.0,4.7537
733,10524,30,20140501,5,30,1,2,25.89,10,0.0,258.9,0.0,258.9,19.8506
734,10524,43,20140501,5,43,1,2,46.0,60,0.0,2760.0,0.0,2760.0,211.6174
735,10524,54,20140501,5,54,1,2,7.45,15,0.0,111.75,0.0,111.75,8.5682
736,10525,36,20140502,9,36,1,2,19.0,30,0.0,570.0,0.0,570.0,7.7031
737,10525,40,20140502,9,40,1,2,18.4,15,0.1,276.0,27.6,248.4,3.3569
738,10526,1,20140505,87,1,4,2,18.0,8,0.15,144.0,21.6,122.4,6.2284
739,10526,13,20140505,87,13,4,2,6.0,10,0.0,60.0,0.0,60.0,3.0532
740,10526,56,20140505,87,56,4,2,38.0,30,0.15,1140.0,171.0,969.0,49.3084
741,10527,4,20140505,63,4,7,1,22.0,50,0.1,1100.0,110.0,990.0,27.5988
742,10527,36,20140505,63,36,7,1,19.0,30,0.1,570.0,57.0,513.0,14.3012
743,10528,11,20140506,32,11,6,2,21.0,3,0.0,63.0,0.0,63.0,0.5381
744,10528,33,20140506,32,33,6,2,2.5,8,0.2,20.0,4.0,16.0,0.1367
745,10528,72,20140506,32,72,6,2,34.8,9,0.0,313.2,0.0,313.2,2.6752
746,10529,55,20140507,50,55,5,2,24.0,14,0.0,336.0,0.0,336.0,23.6869
747,10529,68,20140507,50,68,5,2,12.5,20,0.0,250.0,0.0,250.0,17.6242
748,10529,69,20140507,50,69,5,2,36.0,10,0.0,360.0,0.0,360.0,25.3789
749,10530,17,20140508,59,17,3,2,39.0,40,0.0,1560.0,0.0,1560.0,126.5989
750,10530,43,20140508,59,43,3,2,46.0,25,0.0,1150.0,0.0,1150.0,93.3261
751,10530,61,20140508,59,61,3,2,28.5,20,0.0,570.0,0.0,570.0,46.2573
752,10530,76,20140508,59,76,3,2,18.0,50,0.0,900.0,0.0,900.0,73.0378
753,10531,59,20140508,54,59,7,1,55.0,2,0.0,110.0,0.0,110.0,8.12
754,10532,30,20140509,19,30,7,3,25.89,15,0.0,388.35,0.0,388.35,36.3113
755,10532,66,20140509,19,66,7,3,17.0,24,0.0,408.0,0.0,408.0,38.1487
756,10533,4,20140512,24,4,8,1,22.0,50,0.05,1100.0,55.0,1045.0,88.4267
757,10533,72,20140512,24,72,8,1,34.8,24,0.0,835.2,0.0,835.2,70.6737
758,10533,73,20140512,24,73,8,1,15.0,24,0.05,360.0,18.0,342.0,28.9396
759,10534,30,20140512,44,30,8,2,25.89,10,0.0,258.9,0.0,258.9,15.5329
760,10534,40,20140512,44,40,8,2,18.4,10,0.2,184.0,36.8,147.2,8.8314
761,10534,54,20140512,44,54,8,2,7.45,10,0.2,74.5,14.9,59.6,3.5757
762,10535,11,20140513,3,11,4,1,21.0,50,0.1,1050.0,105.0,945.0,7.6151
763,10535,40,20140513,3,40,4,1,18.4,10,0.1,184.0,18.4,165.6,1.3345
764,10535,57,20140513,3,57,4,1,19.5,5,0.1,97.5,9.75,87.75,0.7071
765,10535,59,20140513,3,59,4,1,55.0,15,0.1,825.0,82.5,742.5,5.9833
766,10536,12,20140514,44,12,3,2,38.0,15,0.25,570.0,142.5,427.5,15.3016
767,10536,31,20140514,44,31,3,2,12.5,20,0.0,250.0,0.0,250.0,8.9483
768,10536,33,20140514,44,33,3,2,2.5,30,0.0,75.0,0.0,75.0,2.6845
769,10536,60,20140514,44,60,3,2,34.0,35,0.25,1190.0,297.5,892.5,31.9455
770,10537,31,20140514,68,31,1,1,12.5,30,0.0,375.0,0.0,375.0,16.2127
771,10537,51,20140514,68,51,1,1,53.0,6,0.0,318.0,0.0,318.0,13.7484
772,10537,58,20140514,68,58,1,1,13.25,20,0.0,265.0,0.0,265.0,11.457
773,10537,72,20140514,68,72,1,1,34.8,21,0.0,730.8,0.0,730.8,31.5953
774,10537,73,20140514,68,73,1,1,15.0,9,0.0,135.0,0.0,135.0,5.8366
775,10538,70,20140515,11,70,9,3,15.0,7,0.0,105.0,0.0,105.0,3.6577
776,10538,72,20140515,11,72,9,3,34.8,1,0.0,34.8,0.0,34.8,1.2123
777,10539,13,20140516,11,13,6,3,6.0,8,0.0,48.0,0.0,48.0,1.6689
778,10539,21,20140516,11,21,6,3,10.0,15,0.0,150.0,0.0,150.0,5.2152
779,10539,33,20140516,11,33,6,3,2.5,15,0.0,37.5,0.0,37.5,1.3038
780,10539,49,20140516,11,49,6,3,20.0,6,0.0,120.0,0.0,120.0,4.1722
781,10540,3,20140519,63,3,3,3,10.0,60,0.0,600.0,0.0,600.0,59.3212
782,10540,26,20140519,63,26,3,3,31.23,40,0.0,1249.2,0.0,1249.2,123.5068
783,10540,38,20140519,63,38,3,3,263.5,30,0.0,7905.0,0.0,7905.0,781.557
784,10540,68,20140519,63,68,3,3,12.5,35,0.0,437.5,0.0,437.5,43.2551
785,10541,24,20140519,34,24,2,1,4.5,35,0.1,157.5,15.75,141.75,4.9992
786,10541,38,20140519,34,38,2,1,263.5,4,0.1,1054.0,105.4,948.6,33.4553
787,10541,65,20140519,34,65,2,1,21.05,36,0.1,757.8,75.78,682.02,24.0535
788,10541,71,20140519,34,71,2,1,21.5,9,0.1,193.5,19.35,174.15,6.1419
789,10542,11,20140520,39,11,1,3,21.0,15,0.05,315.0,15.75,299.25,6.9851
790,10542,54,20140520,39,54,1,3,7.45,24,0.05,178.8,8.94,169.86,3.9649
791,10543,12,20140521,46,12,8,2,38.0,30,0.15,1140.0,171.0,969.0,31.0247
792,10543,23,20140521,46,23,8,2,9.0,70,0.15,630.0,94.5,535.5,17.1453
793,10544,28,20140521,48,28,4,1,45.6,7,0.0,319.2,0.0,319.2,19.0587
794,10544,67,20140521,48,67,4,1,14.0,7,0.0,98.0,0.0,98.0,5.8513
795,10545,11,20140522,43,11,8,2,21.0,10,0.0,210.0,0.0,210.0,11.92
796,10546,7,20140523,84,7,1,3,30.0,10,0.0,300.0,0.0,300.0,20.7738
797,10546,35,20140523,84,35,1,3,18.0,30,0.0,540.0,0.0,540.0,37.3929
798,10546,62,20140523,84,62,1,3,49.3,40,0.0,1972.0,0.0,1972.0,136.5533
799,10547,32,20140523,72,32,3,2,32.0,24,0.15,768.0,115.2,652.8,64.9705
800,10547,36,20140523,72,36,3,2,19.0,60,0.0,1140.0,0.0,1140.0,113.4595
801,10548,34,20140526,79,34,3,2,14.0,10,0.25,140.0,35.0,105.0,0.6254
802,10548,41,20140526,79,41,3,2,9.65,14,0.0,135.1,0.0,135.1,0.8046
803,10549,31,20140527,63,31,5,1,12.5,55,0.15,687.5,103.12,584.38,28.1546
804,10549,45,20140527,63,45,5,1,9.5,100,0.15,950.0,142.5,807.5,38.9042
805,10549,51,20140527,63,51,5,1,53.0,48,0.15,2544.0,381.6,2162.4,104.1813
806,10550,17,20140528,30,17,7,3,39.0,8,0.1,312.0,31.2,280.8,1.7753
807,10550,19,20140528,30,19,7,3,9.2,10,0.0,92.0,0.0,92.0,0.5816
808,10550,21,20140528,30,21,7,3,10.0,6,0.1,60.0,6.0,54.0,0.3414
809,10550,61,20140528,30,61,7,3,28.5,10,0.1,285.0,28.5,256.5,1.6217
810,10551,16,20140528,28,16,4,3,17.45,40,0.15,698.0,104.7,593.3,25.8041
811,10551,35,20140528,28,35,4,3,18.0,20,0.15,360.0,54.0,306.0,13.3087
812,10551,44,20140528,28,44,4,3,19.45,40,0.0,778.0,0.0,778.0,33.8372
813,10552,69,20140529,35,69,2,1,36.0,18,0.0,648.0,0.0,648.0,61.2454
814,10552,75,20140529,35,75,2,1,7.75,30,0.0,232.5,0.0,232.5,21.9746
815,10553,11,20140530,87,11,2,2,21.0,15,0.0,315.0,0.0,315.0,30.4529
816,10553,16,20140530,87,16,2,2,17.45,14,0.0,244.3,0.0,244.3,23.6179
817,10553,22,20140530,87,22,2,2,21.0,24,0.0,504.0,0.0,504.0,48.7247
818,10553,31,20140530,87,31,2,2,12.5,30,0.0,375.0,0.0,375.0,36.2535
819,10553,35,20140530,87,35,2,2,18.0,6,0.0,108.0,0.0,108.0,10.441
820,10554,16,20140530,56,16,4,3,17.45,30,0.05,523.5,26.18,497.32,34.8048
821,10554,23,20140530,56,23,4,3,9.0,20,0.05,180.0,9.0,171.0,11.9674
822,10554,62,20140530,56,62,4,3,49.3,20,0.05,986.0,49.3,936.7,65.5547
823,10554,77,20140530,56,77,4,3,13.0,10,0.05,130.0,6.5,123.5,8.6431
824,10555,14,20140602,71,14,6,3,23.25,30,0.2,697.5,139.5,558.0,47.85
825,10555,19,20140602,71,19,6,3,9.2,35,0.2,322.0,64.4,257.6,22.0899
826,10555,24,20140602,71,24,6,3,4.5,18,0.2,81.0,16.2,64.8,5.5568
827,10555,51,20140602,71,51,6,3,53.0,20,0.2,1060.0,212.0,848.0,72.7182
828,10555,56,20140602,71,56,6,3,38.0,40,0.2,1520.0,304.0,1216.0,104.2752
829,10556,72,20140603,73,72,2,1,34.8,24,0.0,835.2,0.0,835.2,9.8
830,10557,64,20140603,44,64,9,2,33.25,30,0.0,997.5,0.0,997.5,83.7121
831,10557,75,20140603,44,75,9,2,7.75,20,0.0,155.0,0.0,155.0,13.0079
832,10558,47,20140604,4,47,1,2,9.5,25,0.0,237.5,0.0,237.5,8.0873
833,10558,51,20140604,4,51,1,2,53.0,20,0.0,1060.0,0.0,1060.0,36.0951
834,10558,52,20140604,4,52,1,2,7.0,30,0.0,210.0,0.0,210.0,7.1509
835,10558,53,20140604,4,53,1,2,32.8,18,0.0,590.4,0.0,590.4,20.1043
836,10558,73,20140604,4,73,1,2,15.0,3,0.0,45.0,0.0,45.0,1.5323
837,10559,41,20140605,7,41,6,1,9.65,12,0.05,115.8,5.79,110.01,1.7017
838,10559,55,20140605,7,55,6,1,24.0,18,0.05,432.0,21.6,410.4,6.3483
839,10560,30,20140606,25,30,8,1,25.89,20,0.0,517.8,0.0,517.8,17.6958
840,10560,62,20140606,25,62,8,1,49.3,15,0.25,739.5,184.88,554.62,18.9542
841,10561,44,20140606,24,44,2,2,19.45,10,0.0,194.5,0.0,194.5,16.5617
842,10561,51,20140606,24,51,2,2,53.0,50,0.0,2650.0,0.0,2650.0,225.6483
843,10562,33,20140609,66,33,1,1,2.5,20,0.1,50.0,5.0,45.0,2.1133
844,10562,62,20140609,66,62,1,1,49.3,10,0.1,493.0,49.3,443.7,20.8367
845,10563,36,20140610,67,36,2,2,19.0,25,0.0,475.0,0.0,475.0,29.7453
846,10563,52,20140610,67,52,2,2,7.0,70,0.0,490.0,0.0,490.0,30.6847
847,10564,17,20140610,65,17,4,3,39.0,16,0.05,624.0,31.2,592.8,6.6051
848,10564,31,20140610,65,31,4,3,12.5,6,0.05,75.0,3.75,71.25,0.7939
849,10564,55,20140610,65,55,4,3,24.0,25,0.05,600.0,30.0,570.0,6.351
850,10565,24,20140611,51,24,8,2,4.5,25,0.1,112.5,11.25,101.25,1.1313
851,10565,64,20140611,51,64,8,2,33.25,18,0.1,598.5,59.85,538.65,6.0187
852,10566,11,20140612,7,11,9,1,21.0,35,0.15,735.0,110.25,624.75,31.3617
853,10566,18,20140612,7,18,9,1,62.5,18,0.15,1125.0,168.75,956.25,48.0026
854,10566,76,20140612,7,76,9,1,18.0,10,0.0,180.0,0.0,180.0,9.0358
855,10567,31,20140612,37,31,1,1,12.5,60,0.2,750.0,150.0,600.0,8.0913
856,10567,51,20140612,37,51,1,1,53.0,3,0.0,159.0,0.0,159.0,2.1442
857,10567,59,20140612,37,59,1,1,55.0,40,0.2,2200.0,440.0,1760.0,23.7345
858,10568,10,20140613,29,10,3,3,31.0,5,0.0,155.0,0.0,155.0,6.54
859,10569,31,20140616,65,31,5,1,12.5,35,0.2,437.5,87.5,350.0,23.1944
860,10569,76,20140616,65,76,5,1,18.0,30,0.0,540.0,0.0,540.0,35.7856
861,10570,11,20140617,51,11,3,3,21.0,15,0.05,315.0,15.75,299.25,22.941
862,10570,56,20140617,51,56,3,3,38.0,60,0.05,2280.0,114.0,2166.0,166.049
863,10571,14,20140617,20,14,8,3,23.25,11,0.15,255.75,38.36,217.39,10.2893
864,10571,42,20140617,20,42,8,3,14.0,28,0.15,392.0,58.8,333.2,15.7707
865,10572,16,20140618,5,16,3,2,17.45,12,0.1,209.4,20.94,188.46,14.6176
866,10572,32,20140618,5,32,3,2,32.0,10,0.1,320.0,32.0,288.0,22.3383
867,10572,40,20140618,5,40,3,2,18.4,50,0.0,920.0,0.0,920.0,71.3585
868,10572,75,20140618,5,75,3,2,7.75,15,0.1,116.25,11.62,104.63,8.1155
869,10573,17,20140619,3,17,7,3,39.0,18,0.0,702.0,0.0,702.0,28.606
870,10573,34,20140619,3,34,7,3,14.0,40,0.0,560.0,0.0,560.0,22.8196
871,10573,53,20140619,3,53,7,3,32.8,25,0.0,820.0,0.0,820.0,33.4144
872,10574,33,20140619,82,33,4,2,2.5,14,0.0,35.0,0.0,35.0,1.7218
873,10574,40,20140619,82,40,4,2,18.4,2,0.0,36.8,0.0,36.8,1.8104
874,10574,62,20140619,82,62,4,2,49.3,10,0.0,493.0,0.0,493.0,24.2533
875,10574,64,20140619,82,64,4,2,33.25,6,0.0,199.5,0.0,199.5,9.8145
876,10575,59,20140620,52,59,5,1,55.0,12,0.0,660.0,0.0,660.0,39.1377
877,10575,63,20140620,52,63,5,1,43.9,6,0.0,263.4,0.0,263.4,15.6195
878,10575,72,20140620,52,72,5,1,34.8,30,0.0,1044.0,0.0,1044.0,61.9088
879,10575,76,20140620,52,76,5,1,18.0,10,0.0,180.0,0.0,180.0,10.6739
880,10576,1,20140623,80,1,3,3,18.0,10,0.0,180.0,0.0,180.0,3.9845
881,10576,31,20140623,80,31,3,3,12.5,20,0.0,250.0,0.0,250.0,5.534
882,10576,44,20140623,80,44,3,3,19.45,21,0.0,408.45,0.0,408.45,9.0415
883,10577,39,20140623,82,39,9,2,18.0,10,0.0,180.0,0.0,180.0,8.0383
884,10577,75,20140623,82,75,9,2,7.75,20,0.0,155.0,0.0,155.0,6.9219
885,10577,77,20140623,82,77,9,2,13.0,18,0.0,234.0,0.0,234.0,10.4498
886,10578,35,20140624,11,35,4,3,18.0,20,0.0,360.0,0.0,360.0,22.3396
887,10578,57,20140624,11,57,4,3,19.5,6,0.0,117.0,0.0,117.0,7.2604
888,10579,15,20140625,45,15,1,2,15.5,10,0.0,155.0,0.0,155.0,6.6976
889,10579,75,20140625,45,75,1,2,7.75,21,0.0,162.75,0.0,162.75,7.0324
890,10580,14,20140626,56,14,4,3,23.25,15,0.05,348.75,17.44,331.31,24.8023
891,10580,41,20140626,56,41,4,3,9.65,9,0.05,86.85,4.34,82.51,6.1768
892,10580,65,20140626,56,65,4,3,21.05,30,0.05,631.5,31.58,599.92,44.9109
893,10581,75,20140626,21,75,3,1,7.75,50,0.2,387.5,77.5,310.0,3.01
894,10582,57,20140627,6,57,3,2,19.5,4,0.0,78.0,0.0,78.0,6.5496
895,10582,76,20140627,6,76,3,2,18.0,14,0.0,252.0,0.0,252.0,21.1604
896,10583,29,20140630,87,29,2,2,123.79,10,0.0,1237.9,0.0,1237.9,4.0277
897,10583,60,20140630,87,60,2,2,34.0,24,0.15,816.0,122.4,693.6,2.2567
898,10583,69,20140630,87,69,2,2,36.0,10,0.15,360.0,54.0,306.0,0.9956
899,10584,31,20140630,7,31,4,1,12.5,50,0.05,625.0,31.25,593.75,59.14
900,10585,47,20140701,88,47,7,1,9.5,15,0.0,142.5,0.0,142.5,13.41
901,10586,52,20140702,66,52,9,1,7.0,4,0.15,28.0,4.2,23.8,0.48
902,10587,26,20140702,61,26,1,1,31.23,6,0.0,187.38,0.0,187.38,14.5099
903,10587,35,20140702,61,35,1,1,18.0,20,0.0,360.0,0.0,360.0,27.8768
904,10587,77,20140702,61,77,1,1,13.0,20,0.0,260.0,0.0,260.0,20.1333
905,10588,18,20140703,63,18,2,3,62.5,40,0.2,2500.0,500.0,2000.0,124.7885
906,10588,42,20140703,63,42,2,3,14.0,100,0.2,1400.0,280.0,1120.0,69.8815
907,10589,35,20140704,32,35,8,2,18.0,4,0.0,72.0,0.0,72.0,4.42
908,10590,1,20140707,51,1,4,3,18.0,20,0.0,360.0,0.0,360.0,14.6387
909,10590,77,20140707,51,77,4,3,13.0,60,0.05,780.0,39.0,741.0,30.1313
910,10591,3,20140707,83,3,1,1,10.0,14,0.0,140.0,0.0,140.0,9.6354
911,10591,7,20140707,83,7,1,1,30.0,10,0.0,300.0,0.0,300.0,20.6474
912,10591,54,20140707,83,54,1,1,7.45,50,0.0,372.5,0.0,372.5,25.6372
913,10592,15,20140708,44,15,3,1,15.5,25,0.05,387.5,19.38,368.12,22.8801
914,10592,26,20140708,44,26,3,1,31.23,5,0.05,156.15,7.81,148.34,9.2199
915,10593,20,20140709,44,20,7,2,81.0,21,0.2,1701.0,340.2,1360.8,118.8585
916,10593,69,20140709,44,69,7,2,36.0,20,0.2,720.0,144.0,576.0,50.3105
917,10593,76,20140709,44,76,7,2,18.0,4,0.2,72.0,14.4,57.6,5.031
918,10594,52,20140709,55,52,3,2,7.0,24,0.0,168.0,0.0,168.0,1.5567
919,10594,58,20140709,55,58,3,2,13.25,30,0.0,397.5,0.0,397.5,3.6833
920,10595,35,20140710,20,35,2,1,18.0,30,0.25,540.0,135.0,405.0,8.2954
921,10595,61,20140710,20,61,2,1,28.5,120,0.25,3420.0,855.0,2565.0,52.5377
922,10595,69,20140710,20,69,2,1,36.0,65,0.25,2340.0,585.0,1755.0,35.9469
923,10596,56,20140711,89,56,8,1,38.0,5,0.2,190.0,38.0,152.0,2.1032
924,10596,63,20140711,89,63,8,1,43.9,24,0.2,1053.6,210.72,842.88,11.663
925,10596,75,20140711,89,75,8,1,7.75,30,0.2,232.5,46.5,186.0,2.5737
926,10597,24,20140711,59,24,7,3,4.5,35,0.2,157.5,31.5,126.0,6.1624
927,10597,57,20140711,59,57,7,3,19.5,20,0.0,390.0,0.0,390.0,19.0742
928,10597,65,20140711,59,65,7,3,21.05,12,0.2,252.6,50.52,202.08,9.8834
929,10598,27,20140714,65,27,1,3,43.9,50,0.0,2195.0,0.0,2195.0,40.8214
930,10598,71,20140714,65,71,1,3,21.5,9,0.0,193.5,0.0,193.5,3.5986
931,10599,62,20140715,11,62,6,3,49.3,10,0.0,493.0,0.0,493.0,29.98
932,10600,54,20140716,36,54,4,1,7.45,4,0.0,29.8,0.0,29.8,2.803
933,10600,73,20140716,36,73,4,1,15.0,30,0.0,450.0,0.0,450.0,42.327
934,10601,13,20140716,35,13,7,1,6.0,60,0.0,360.0,0.0,360.0,9.1851
935,10601,59,20140716,35,59,7,1,55.0,35,0.0,1925.0,0.0,1925.0,49.1149
936,10602,77,20140717,83,77,8,2,13.0,5,0.25,65.0,16.25,48.75,2.92
937,10603,22,20140718,71,22,8,2,21.0,48,0.0,1008.0,0.0,1008.0,33.1491
938,10603,49,20140718,71,49,8,2,20.0,25,0.05,500.0,25.0,475.0,15.6209
939,10604,48,20140718,28,48,1,1,12.75,6,0.1,76.5,7.65,68.85,2.2249
940,10604,76,20140718,28,76,1,1,18.0,10,0.1,180.0,18.0,162.0,5.2351
941,10605,16,20140721,51,16,1,2,17.45,30,0.05,523.5,26.18,497.32,45.879
942,10605,59,20140721,51,59,1,2,55.0,20,0.05,1100.0,55.0,1045.0,96.4038
943,10605,60,20140721,51,60,1,2,34.0,70,0.05,2380.0,119.0,2261.0,208.5828
944,10605,71,20140721,51,71,1,2,21.5,15,0.05,322.5,16.12,306.38,28.2643
945,10606,4,20140722,81,4,4,3,22.0,20,0.2,440.0,88.0,352.0,24.7247
946,10606,55,20140722,81,55,4,3,24.0,20,0.2,480.0,96.0,384.0,26.9724
947,10606,62,20140722,81,62,4,3,49.3,10,0.2,493.0,98.6,394.4,27.7029
948,10607,7,20140722,71,7,5,1,30.0,45,0.0,1350.0,0.0,1350.0,41.7463
949,10607,17,20140722,71,17,5,1,39.0,100,0.0,3900.0,0.0,3900.0,120.6004
950,10607,33,20140722,71,33,5,1,2.5,14,0.0,35.0,0.0,35.0,1.0823
951,10607,40,20140722,71,40,5,1,18.4,42,0.0,772.8,0.0,772.8,23.8974
952,10607,72,20140722,71,72,5,1,34.8,12,0.0,417.6,0.0,417.6,12.9135
953,10608,56,20140723,79,56,4,2,38.0,28,0.0,1064.0,0.0,1064.0,27.79
954,10609,1,20140724,18,1,7,2,18.0,3,0.0,54.0,0.0,54.0,0.2356
955,10609,10,20140724,18,10,7,2,31.0,10,0.0,310.0,0.0,310.0,1.3526
956,10609,21,20140724,18,21,7,2,10.0,6,0.0,60.0,0.0,60.0,0.2618
957,10610,36,20140725,41,36,8,1,19.0,21,0.25,399.0,99.75,299.25,26.78
958,10611,1,20140725,91,1,6,2,18.0,6,0.0,108.0,0.0,108.0,10.78
959,10611,2,20140725,91,2,6,2,19.0,10,0.0,190.0,0.0,190.0,18.9647
960,10611,60,20140725,91,60,6,2,34.0,15,0.0,510.0,0.0,510.0,50.9053
961,10612,10,20140728,71,10,1,2,31.0,70,0.0,2170.0,0.0,2170.0,185.2006
962,10612,36,20140728,71,36,1,2,19.0,55,0.0,1045.0,0.0,1045.0,89.1864
963,10612,49,20140728,71,49,1,2,20.0,18,0.0,360.0,0.0,360.0,30.7245
964,10612,60,20140728,71,60,1,2,34.0,40,0.0,1360.0,0.0,1360.0,116.0704
965,10612,76,20140728,71,76,1,2,18.0,80,0.0,1440.0,0.0,1440.0,122.8981
966,10613,13,20140729,35,13,4,2,6.0,8,0.1,48.0,4.8,43.2,0.9919
967,10613,75,20140729,35,75,4,2,7.75,40,0.0,310.0,0.0,310.0,7.1181
968,10614,11,20140729,6,11,8,3,21.0,14,0.0,294.0,0.0,294.0,1.2229
969,10614,21,20140729,6,21,8,3,10.0,8,0.0,80.0,0.0,80.0,0.3328
970,10614,39,20140729,6,39,8,3,18.0,5,0.0,90.0,0.0,90.0,0.3744
971,10615,55,20140730,90,55,2,3,24.0,5,0.0,120.0,0.0,120.0,0.75
972,10616,38,20140731,32,38,1,2,263.5,15,0.05,3952.5,197.62,3754.88,91.0246
973,10616,56,20140731,32,56,1,2,38.0,14,0.0,532.0,0.0,532.0,12.8966
974,10616,70,20140731,32,70,1,2,15.0,15,0.05,225.0,11.25,213.75,5.1817
975,10616,71,20140731,32,71,1,2,21.5,15,0.05,322.5,16.12,306.38,7.4272
976,10617,59,20140731,32,59,4,2,55.0,30,0.15,1650.0,247.5,1402.5,18.53
977,10618,6,20140801,51,6,1,1,25.0,70,0.0,1750.0,0.0,1750.0,100.3485
978,10618,56,20140801,51,56,1,1,38.0,20,0.0,760.0,0.0,760.0,43.5799
979,10618,68,20140801,51,68,1,1,12.5,15,0.0,187.5,0.0,187.5,10.7516
980,10619,21,20140804,51,21,3,3,10.0,42,0.0,420.0,0.0,420.0,30.35
981,10619,22,20140804,51,22,3,3,21.0,40,0.0,840.0,0.0,840.0,60.7
982,10620,24,20140805,42,24,2,3,4.5,5,0.0,22.5,0.0,22.5,0.3678
983,10620,52,20140805,42,52,2,3,7.0,5,0.0,35.0,0.0,35.0,0.5722
984,10621,19,20140805,38,19,4,2,9.2,5,0.0,46.0,0.0,46.0,1.4391
985,10621,23,20140805,38,23,4,2,9.0,10,0.0,90.0,0.0,90.0,2.8157
986,10621,70,20140805,38,70,4,2,15.0,20,0.0,300.0,0.0,300.0,9.3856
987,10621,71,20140805,38,71,4,2,21.5,15,0.0,322.5,0.0,322.5,10.0896
988,10622,2,20140806,67,2,4,3,19.0,20,0.0,380.0,0.0,380.0,34.5868
989,10622,68,20140806,67,68,4,3,12.5,18,0.2,225.0,45.0,180.0,16.3832
990,10623,14,20140807,25,14,8,2,23.25,21,0.0,488.25,0.0,488.25,35.4898
991,10623,19,20140807,25,19,8,2,9.2,15,0.1,138.0,13.8,124.2,9.0278
992,10623,21,20140807,25,21,8,2,10.0,25,0.1,250.0,25.0,225.0,16.3548
993,10623,24,20140807,25,24,8,2,4.5,3,0.0,13.5,0.0,13.5,0.9813
994,10623,35,20140807,25,35,8,2,18.0,30,0.1,540.0,54.0,486.0,35.3263
995,10624,28,20140807,78,28,4,2,45.6,10,0.0,456.0,0.0,456.0,31.0275
996,10624,29,20140807,78,29,4,2,123.79,6,0.0,742.74,0.0,742.74,50.5381
997,10624,44,20140807,78,44,4,2,19.45,10,0.0,194.5,0.0,194.5,13.2343
998,10625,14,20140808,2,14,3,1,23.25,3,0.0,69.75,0.0,69.75,6.3825
999,10625,42,20140808,2,42,3,1,14.0,5,0.0,70.0,0.0,70.0,6.4054
1000,10625,60,20140808,2,60,3,1,34.0,10,0.0,340.0,0.0,340.0,31.112
1001,10626,53,20140811,5,53,1,2,32.8,12,0.0,393.6,0.0,393.6,36.3051
1002,10626,60,20140811,5,60,1,2,34.0,20,0.0,680.0,0.0,680.0,62.7223
1003,10626,71,20140811,5,71,1,2,21.5,20,0.0,430.0,0.0,430.0,39.6626
1004,10627,62,20140811,71,62,8,3,49.3,15,0.0,739.5,0.0,739.5,67.0181
1005,10627,73,20140811,71,73,8,3,15.0,35,0.15,525.0,78.75,446.25,40.4419
1006,10628,1,20140812,7,1,4,3,18.0,25,0.0,450.0,0.0,450.0,30.36
1007,10629,29,20140812,30,29,4,3,123.79,20,0.0,2475.8,0.0,2475.8,76.2443
1008,10629,64,20140812,30,64,4,3,33.25,9,0.0,299.25,0.0,299.25,9.2157
1009,10630,55,20140813,39,55,1,2,24.0,12,0.05,288.0,14.4,273.6,9.7952
1010,10630,76,20140813,39,76,1,2,18.0,35,0.0,630.0,0.0,630.0,22.5548
1011,10631,75,20140814,41,75,8,1,7.75,8,0.1,62.0,6.2,55.8,0.87
1012,10632,2,20140814,86,2,8,1,19.0,30,0.05,570.0,28.5,541.5,38.0429
1013,10632,33,20140814,86,33,8,1,2.5,20,0.05,50.0,2.5,47.5,3.3371
1014,10633,12,20140815,20,12,7,3,38.0,36,0.15,1368.0,205.2,1162.8,100.8426
1015,10633,13,20140815,20,13,7,3,6.0,13,0.15,78.0,11.7,66.3,5.7498
1016,10633,26,20140815,20,26,7,3,31.23,35,0.15,1093.05,163.96,929.09,80.5743
1017,10633,62,20140815,20,62,7,3,49.3,80,0.15,3944.0,591.6,3352.4,290.7333
1018,10634,7,20140815,23,7,4,3,30.0,35,0.0,1050.0,0.0,1050.0,102.6475
1019,10634,18,20140815,23,18,4,3,62.5,50,0.0,3125.0,0.0,3125.0,305.4984
1020,10634,51,20140815,23,51,4,3,53.0,15,0.0,795.0,0.0,795.0,77.7188
1021,10634,75,20140815,23,75,4,3,7.75,2,0.0,15.5,0.0,15.5,1.5153
1022,10635,4,20140818,49,4,8,3,22.0,10,0.1,220.0,22.0,198.0,7.0856
1023,10635,5,20140818,49,5,8,3,21.35,15,0.1,320.25,32.02,288.23,10.3145
1024,10635,22,20140818,49,22,8,3,21.0,40,0.0,840.0,0.0,840.0,30.0599
1025,10636,4,20140819,87,4,4,1,22.0,25,0.0,550.0,0.0,550.0,1.0048
1026,10636,58,20140819,87,58,4,1,13.25,6,0.0,79.5,0.0,79.5,0.1452
1027,10637,11,20140819,62,11,6,1,21.0,10,0.0,210.0,0.0,210.0,15.3048
1028,10637,50,20140819,62,50,6,1,16.25,25,0.05,406.25,20.31,385.94,28.1273
1029,10637,56,20140819,62,56,6,1,38.0,60,0.05,2280.0,114.0,2166.0,157.8579
1030,10638,45,20140820,47,45,3,1,9.5,20,0.0,190.0,0.0,190.0,11.0673
1031,10638,65,20140820,47,65,3,1,21.05,21,0.0,442.05,0.0,442.05,25.7489
1032,10638,72,20140820,47,72,3,1,34.8,60,0.0,2088.0,0.0,2088.0,121.6238
1033,10639,18,20140820,70,18,7,3,62.5,8,0.0,500.0,0.0,500.0,38.64
1034,10640,69,20140821,86,69,4,1,36.0,20,0.25,720.0,180.0,540.0,17.9429
1035,10640,70,20140821,86,70,4,1,15.0,15,0.25,225.0,56.25,168.75,5.6071
1036,10641,2,20140822,35,2,4,2,19.0,50,0.0,950.0,0.0,950.0,83.0718
1037,10641,40,20140822,35,40,4,2,18.4,60,0.0,1104.0,0.0,1104.0,96.5382
1038,10642,21,20140822,73,21,7,3,10.0,30,0.2,300.0,60.0,240.0,14.4448
1039,10642,61,20140822,73,61,7,3,28.5,20,0.2,570.0,114.0,456.0,27.4452
1040,10643,28,20140825,1,28,6,1,45.6,15,0.25,684.0,171.0,513.0,18.5549
1041,10643,39,20140825,1,39,6,1,18.0,21,0.25,378.0,94.5,283.5,10.254
1042,10643,46,20140825,1,46,6,1,12.0,2,0.25,24.0,6.0,18.0,0.651
1043,10644,18,20140825,88,18,3,2,62.5,4,0.1,250.0,25.0,225.0,0.023
1044,10644,43,20140825,88,43,3,2,46.0,20,0.0,920.0,0.0,920.0,0.0939
1045,10644,46,20140825,88,46,3,2,12.0,21,0.1,252.0,25.2,226.8,0.0231
1046,10645,18,20140826,34,18,4,1,62.5,20,0.0,1250.0,0.0,1250.0,10.1059
1047,10645,36,20140826,34,36,4,1,19.0,15,0.0,285.0,0.0,285.0,2.3041
1048,10646,1,20140827,37,1,9,3,18.0,15,0.25,270.0,67.5,202.5,19.9321
1049,10646,10,20140827,37,10,9,3,31.0,18,0.25,558.0,139.5,418.5,41.193
1050,10646,71,20140827,37,71,9,3,21.5,30,0.25,645.0,161.25,483.75,47.6156
1051,10646,77,20140827,37,77,9,3,13.0,35,0.25,455.0,113.75,341.25,33.5893
1052,10647,19,20140827,61,19,4,2,9.2,30,0.0,276.0,0.0,276.0,19.7626
1053,10647,39,20140827,61,39,4,2,18.0,20,0.0,360.0,0.0,360.0,25.7774
1054,10648,22,20140828,67,22,5,2,21.0,15,0.0,315.0,0.0,315.0,12.0542
1055,10648,24,20140828,67,24,5,2,4.5,15,0.15,67.5,10.12,57.38,2.1958
1056,10649,28,20140828,50,28,5,3,45.6,20,0.0,912.0,0.0,912.0,3.9431
1057,10649,72,20140828,50,72,5,3,34.8,15,0.0,522.0,0.0,522.0,2.2569
1058,10650,30,20140829,21,30,5,3,25.89,30,0.0,776.7,0.0,776.7,77.1854
1059,10650,53,20140829,21,53,5,3,32.8,25,0.05,820.0,41.0,779.0,77.414
1060,10650,54,20140829,21,54,5,3,7.45,30,0.0,223.5,0.0,223.5,22.2106
1061,10651,19,20140901,86,19,8,2,9.2,12,0.25,110.4,27.6,82.8,4.2878
1062,10651,22,20140901,86,22,8,2,21.0,20,0.25,420.0,105.0,315.0,16.3122
1063,10652,30,20140901,31,30,4,2,25.89,2,0.25,51.78,12.94,38.84,0.8698
1064,10652,42,20140901,31,42,4,2,14.0,20,0.0,280.0,0.0,280.0,6.2702
1065,10653,16,20140902,25,16,1,1,17.45,30,0.1,523.5,52.35,471.15,40.562
1066,10653,60,20140902,25,60,1,1,34.0,20,0.1,680.0,68.0,612.0,52.688
1067,10654,4,20140902,5,4,5,1,22.0,12,0.1,264.0,26.4,237.6,21.8164
1068,10654,39,20140902,5,39,5,1,18.0,20,0.1,360.0,36.0,324.0,29.7497
1069,10654,54,20140902,5,54,5,1,7.45,6,0.1,44.7,4.47,40.23,3.6939
1070,10655,41,20140903,66,41,1,2,9.65,20,0.2,193.0,38.6,154.4,4.41
1071,10656,14,20140904,32,14,6,1,23.25,3,0.1,69.75,6.98,62.77,5.9372
1072,10656,44,20140904,32,44,6,1,19.45,28,0.1,544.6,54.46,490.14,46.3605
1073,10656,47,20140904,32,47,6,1,9.5,6,0.1,57.0,5.7,51.3,4.8523
1074,10657,15,20140904,71,15,2,2,15.5,50,0.0,775.0,0.0,775.0,62.5251
1075,10657,41,20140904,71,41,2,2,9.65,24,0.0,231.6,0.0,231.6,18.6849
1076,10657,46,20140904,71,46,2,2,12.0,45,0.0,540.0,0.0,540.0,43.5659
1077,10657,47,20140904,71,47,2,2,9.5,10,0.0,95.0,0.0,95.0,7.6644
1078,10657,56,20140904,71,56,2,2,38.0,45,0.0,1710.0,0.0,1710.0,137.9586
1079,10657,60,20140904,71,60,2,2,34.0,30,0.0,1020.0,0.0,1020.0,82.2911
1080,10658,21,20140905,63,21,4,1,10.0,60,0.0,600.0,0.0,600.0,48.9383
1081,10658,40,20140905,63,40,4,1,18.4,70,0.05,1288.0,64.4,1223.6,99.8015
1082,10658,60,20140905,63,60,4,1,34.0,55,0.05,1870.0,93.5,1776.5,144.8982
1083,10658,77,20140905,63,77,4,1,13.0,70,0.05,910.0,45.5,864.5,70.512
1084,10659,31,20140905,62,31,7,2,12.5,20,0.05,250.0,12.5,237.5,20.4804
1085,10659,40,20140905,62,40,7,2,18.4,24,0.05,441.6,22.08,419.52,36.1766
1086,10659,70,20140905,62,70,7,2,15.0,40,0.05,600.0,30.0,570.0,49.153
1087,10660,20,20140908,36,20,8,1,81.0,21,0.0,1701.0,0.0,1701.0,111.29
1088,10661,39,20140909,37,39,7,3,18.0,3,0.2,54.0,10.8,43.2,1.3476
1089,10661,58,20140909,37,58,7,3,13.25,49,0.2,649.25,129.85,519.4,16.2024
1090,10662,68,20140909,48,68,3,2,12.5,10,0.0,125.0,0.0,125.0,1.28
1091,10663,40,20140910,9,40,2,2,18.4,30,0.05,552.0,27.6,524.4,30.7376
1092,10663,42,20140910,9,42,2,2,14.0,30,0.05,420.0,21.0,399.0,23.3873
1093,10663,51,20140910,9,51,2,2,53.0,20,0.05,1060.0,53.0,1007.0,59.0251
1094,10664,10,20140910,28,10,1,3,31.0,24,0.15,744.0,111.6,632.4,0.6234
1095,10664,56,20140910,28,56,1,3,38.0,12,0.15,456.0,68.4,387.6,0.3821
1096,10664,65,20140910,28,65,1,3,21.05,15,0.15,315.75,47.36,268.39,0.2646
1097,10665,51,20140911,48,51,1,2,53.0,20,0.0,1060.0,0.0,1060.0,21.5356
1098,10665,59,20140911,48,59,1,2,55.0,1,0.0,55.0,0.0,55.0,1.1174
1099,10665,76,20140911,48,76,1,2,18.0,10,0.0,180.0,0.0,180.0,3.657
1100,10666,29,20140912,68,29,7,2,123.79,36,0.0,4456.44,0.0,4456.44,221.9368
1101,10666,65,20140912,68,65,7,2,21.05,10,0.0,210.5,0.0,210.5,10.4832
1102,10667,69,20140912,20,69,7,1,36.0,45,0.2,1620.0,324.0,1296.0,65.8541
1103,10667,71,20140912,20,71,7,1,21.5,14,0.2,301.0,60.2,240.8,12.2359
1104,10668,31,20140915,86,31,1,2,12.5,8,0.1,100.0,10.0,90.0,6.7967
1105,10668,55,20140915,86,55,1,2,24.0,4,0.1,96.0,9.6,86.4,6.5249
1106,10668,64,20140915,86,64,1,2,33.25,15,0.1,498.75,49.88,448.87,33.8984
1107,10669,36,20140915,73,36,2,1,19.0,30,0.0,570.0,0.0,570.0,24.39
1108,10670,23,20140916,25,23,4,1,9.0,32,0.0,288.0,0.0,288.0,25.4599
1109,10670,46,20140916,25,46,4,1,12.0,60,0.0,720.0,0.0,720.0,63.6497
1110,10670,67,20140916,25,67,4,1,14.0,25,0.0,350.0,0.0,350.0,30.9408
1111,10670,73,20140916,25,73,4,1,15.0,50,0.0,750.0,0.0,750.0,66.3017
1112,10670,75,20140916,25,75,4,1,7.75,25,0.0,193.75,0.0,193.75,17.1279
1113,10671,16,20140917,26,16,1,1,17.45,10,0.0,174.5,0.0,174.5,5.7541
1114,10671,62,20140917,26,62,1,1,49.3,10,0.0,493.0,0.0,493.0,16.2565
1115,10671,65,20140917,26,65,1,1,21.05,12,0.0,252.6,0.0,252.6,8.3294
1116,10672,38,20140917,5,38,9,2,263.5,15,0.1,3952.5,395.25,3557.25,89.2751
1117,10672,71,20140917,5,71,9,2,21.5,12,0.0,258.0,0.0,258.0,6.4749
1118,10673,16,20140918,90,16,2,1,17.45,3,0.0,52.35,0.0,52.35,2.8895
1119,10673,42,20140918,90,42,2,1,14.0,6,0.0,84.0,0.0,84.0,4.6364
1120,10673,43,20140918,90,43,2,1,46.0,6,0.0,276.0,0.0,276.0,15.234
1121,10674,23,20140918,38,23,4,2,9.0,5,0.0,45.0,0.0,45.0,0.9
1122,10675,14,20140919,25,14,5,2,23.25,30,0.0,697.5,0.0,697.5,15.6116
1123,10675,53,20140919,25,53,5,2,32.8,10,0.0,328.0,0.0,328.0,7.3414
1124,10675,58,20140919,25,58,5,2,13.25,30,0.0,397.5,0.0,397.5,8.897
1125,10676,10,20140922,80,10,2,2,31.0,2,0.0,62.0,0.0,62.0,0.233
1126,10676,19,20140922,80,19,2,2,9.2,7,0.0,64.4,0.0,64.4,0.242
1127,10676,44,20140922,80,44,2,2,19.45,21,0.0,408.45,0.0,408.45,1.535
1128,10677,26,20140922,3,26,1,3,31.23,30,0.15,936.9,140.54,796.36,3.9458
1129,10677,33,20140922,3,33,1,3,2.5,8,0.15,20.0,3.0,17.0,0.0842
1130,10678,12,20140923,71,12,7,3,38.0,100,0.0,3800.0,0.0,3800.0,281.1993
1131,10678,33,20140923,71,33,7,3,2.5,30,0.0,75.0,0.0,75.0,5.55
1132,10678,41,20140923,71,41,7,3,9.65,120,0.0,1158.0,0.0,1158.0,85.6918
1133,10678,54,20140923,71,54,7,3,7.45,30,0.0,223.5,0.0,223.5,16.539
1134,10679,59,20140923,7,59,8,3,55.0,12,0.0,660.0,0.0,660.0,27.94
1135,10680,16,20140924,55,16,1,1,17.45,50,0.25,872.5,218.12,654.38,13.7993
1136,10680,31,20140924,55,31,1,1,12.5,20,0.25,250.0,62.5,187.5,3.9539
1137,10680,42,20140924,55,42,1,1,14.0,40,0.25,560.0,140.0,420.0,8.8568
1138,10681,19,20140925,32,19,3,3,9.2,30,0.1,276.0,27.6,248.4,14.6891
1139,10681,21,20140925,32,21,3,3,10.0,12,0.1,120.0,12.0,108.0,6.3865
1140,10681,64,20140925,32,64,3,3,33.25,28,0.0,931.0,0.0,931.0,55.0544
1141,10682,33,20140925,3,33,3,2,2.5,30,0.0,75.0,0.0,75.0,7.2164
1142,10682,66,20140925,3,66,3,2,17.0,4,0.0,68.0,0.0,68.0,6.5428
1143,10682,75,20140925,3,75,3,2,7.75,30,0.0,232.5,0.0,232.5,22.3708
1144,10683,52,20140926,18,52,2,1,7.0,9,0.0,63.0,0.0,63.0,4.4
1145,10684,40,20140926,56,40,3,1,18.4,20,0.0,368.0,0.0,368.0,30.3121
1146,10684,47,20140926,56,47,3,1,9.5,40,0.0,380.0,0.0,380.0,31.3006
1147,10684,60,20140926,56,60,3,1,34.0,30,0.0,1020.0,0.0,1020.0,84.0173
1148,10685,10,20140929,31,10,4,2,31.0,20,0.0,620.0,0.0,620.0,26.1203
1149,10685,41,20140929,31,41,4,2,9.65,4,0.0,38.6,0.0,38.6,1.6262
1150,10685,47,20140929,31,47,4,2,9.5,15,0.0,142.5,0.0,142.5,6.0035
1151,10686,17,20140930,59,17,2,1,39.0,30,0.2,1170.0,234.0,936.0,64.3127
1152,10686,26,20140930,59,26,2,1,31.23,15,0.0,468.45,0.0,468.45,32.1873
1153,10687,9,20140930,37,9,9,2,97.0,50,0.25,4850.0,1212.5,3637.5,217.3525
1154,10687,29,20140930,37,29,9,2,123.79,10,0.0,1237.9,0.0,1237.9,73.9686
1155,10687,36,20140930,37,36,9,2,19.0,6,0.25,114.0,28.5,85.5,5.1089
1156,10688,10,20141001,83,10,4,2,31.0,18,0.1,558.0,55.8,502.2,47.5236
1157,10688,28,20141001,83,28,4,2,45.6,60,0.1,2736.0,273.6,2462.4,233.0188
1158,10688,34,20141001,83,34,4,2,14.0,14,0.0,196.0,0.0,196.0,18.5476
1159,10689,1,20141001,5,1,1,2,18.0,35,0.25,630.0,157.5,472.5,13.42
1160,10690,56,20141002,34,56,1,1,38.0,20,0.25,760.0,190.0,570.0,10.4417
1161,10690,77,20141002,34,77,1,1,13.0,30,0.25,390.0,97.5,292.5,5.3583
1162,10691,1,20141003,63,1,2,2,18.0,30,0.0,540.0,0.0,540.0,43.0335
1163,10691,29,20141003,63,29,2,2,123.79,40,0.0,4951.6,0.0,4951.6,394.6013
1164,10691,43,20141003,63,43,2,2,46.0,40,0.0,1840.0,0.0,1840.0,146.6327
1165,10691,44,20141003,63,44,2,2,19.45,24,0.0,466.8,0.0,466.8,37.2001
1166,10691,62,20141003,63,62,2,2,49.3,48,0.0,2366.4,0.0,2366.4,188.5824
1167,10692,63,20141003,1,63,4,2,43.9,20,0.0,878.0,0.0,878.0,61.02
1168,10693,9,20141006,89,9,3,3,97.0,6,0.0,582.0,0.0,582.0,39.1541
1169,10693,54,20141006,89,54,3,3,7.45,60,0.15,447.0,67.05,379.95,25.5611
1170,10693,69,20141006,89,69,3,3,36.0,30,0.15,1080.0,162.0,918.0,61.7585
1171,10693,73,20141006,89,73,3,3,15.0,15,0.15,225.0,33.75,191.25,12.8663
1172,10694,7,20141006,63,7,8,3,30.0,90,0.0,2700.0,0.0,2700.0,222.9165
1173,10694,59,20141006,63,59,8,3,55.0,25,0.0,1375.0,0.0,1375.0,113.5223
1174,10694,70,20141006,63,70,8,3,15.0,50,0.0,750.0,0.0,750.0,61.9212
1175,10695,8,20141007,90,8,7,1,40.0,10,0.0,400.0,0.0,400.0,10.4174
1176,10695,12,20141007,90,12,7,1,38.0,4,0.0,152.0,0.0,152.0,3.9586
1177,10695,24,20141007,90,24,7,1,4.5,20,0.0,90.0,0.0,90.0,2.3439
1178,10696,17,20141008,89,17,8,3,39.0,20,0.0,780.0,0.0,780.0,80.3102
1179,10696,46,20141008,89,46,8,3,12.0,18,0.0,216.0,0.0,216.0,22.2398
1180,10697,19,20141008,47,19,3,1,9.2,7,0.25,64.4,16.1,48.3,2.7298
1181,10697,35,20141008,47,35,3,1,18.0,9,0.25,162.0,40.5,121.5,6.8668
1182,10697,58,20141008,47,58,3,1,13.25,30,0.25,397.5,99.38,298.12,16.8489
1183,10697,70,20141008,47,70,3,1,15.0,30,0.25,450.0,112.5,337.5,19.0745
1184,10698,11,20141009,20,11,4,1,21.0,15,0.0,315.0,0.0,315.0,24.9758
1185,10698,17,20141009,20,17,4,1,39.0,8,0.05,312.0,15.6,296.4,23.501
1186,10698,29,20141009,20,29,4,1,123.79,12,0.05,1485.48,74.27,1411.21,111.8923
1187,10698,65,20141009,20,65,4,1,21.05,65,0.05,1368.25,68.41,1299.84,103.062
1188,10698,70,20141009,20,70,4,1,15.0,8,0.05,120.0,6.0,114.0,9.0389
1189,10699,47,20141009,52,47,3,3,9.5,12,0.0,114.0,0.0,114.0,0.58
1190,10700,1,20141010,71,1,3,1,18.0,5,0.2,90.0,18.0,72.0,2.8608
1191,10700,34,20141010,71,34,3,1,14.0,12,0.2,168.0,33.6,134.4,5.3402
1192,10700,68,20141010,71,68,3,1,12.5,40,0.2,500.0,100.0,400.0,15.8936
1193,10700,71,20141010,71,71,3,1,21.5,60,0.2,1290.0,258.0,1032.0,41.0054
1194,10701,59,20141013,37,59,6,3,55.0,42,0.15,2310.0,346.5,1963.5,151.0137
1195,10701,71,20141013,37,71,6,3,21.5,20,0.15,430.0,64.5,365.5,28.1108
1196,10701,76,20141013,37,76,6,3,18.0,35,0.15,630.0,94.5,535.5,41.1855
1197,10702,3,20141013,1,3,4,1,10.0,6,0.0,60.0,0.0,60.0,4.3527
1198,10702,76,20141013,1,76,4,1,18.0,15,0.0,270.0,0.0,270.0,19.5873
1199,10703,2,20141014,24,2,6,2,19.0,5,0.0,95.0,0.0,95.0,5.6851
1200,10703,59,20141014,24,59,6,2,55.0,35,0.0,1925.0,0.0,1925.0,115.1974
1201,10703,73,20141014,24,73,6,2,15.0,35,0.0,525.0,0.0,525.0,31.4175
1202,10704,4,20141014,62,4,6,1,22.0,6,0.0,132.0,0.0,132.0,1.0595
1203,10704,24,20141014,62,24,6,1,4.5,35,0.0,157.5,0.0,157.5,1.2642
1204,10704,48,20141014,62,48,6,1,12.75,24,0.0,306.0,0.0,306.0,2.4562
1205,10705,31,20141015,35,31,9,2,12.5,20,0.0,250.0,0.0,250.0,2.328
1206,10705,32,20141015,35,32,9,2,32.0,4,0.0,128.0,0.0,128.0,1.192
1207,10706,16,20141016,55,16,8,3,17.45,20,0.0,349.0,0.0,349.0,25.0052
1208,10706,43,20141016,55,43,8,3,46.0,24,0.0,1104.0,0.0,1104.0,79.0996
1209,10706,59,20141016,55,59,8,3,55.0,8,0.0,440.0,0.0,440.0,31.5252
1210,10707,55,20141016,4,55,4,3,24.0,21,0.0,504.0,0.0,504.0,6.677
1211,10707,57,20141016,4,57,4,3,19.5,40,0.0,780.0,0.0,780.0,10.3335
1212,10707,70,20141016,4,70,4,3,15.0,28,0.15,420.0,63.0,357.0,4.7295
1213,10708,5,20141017,77,5,6,2,21.35,4,0.0,85.4,0.0,85.4,1.4012
1214,10708,36,20141017,77,36,6,2,19.0,5,0.0,95.0,0.0,95.0,1.5588
1215,10709,8,20141017,31,8,1,3,40.0,40,0.0,1600.0,0.0,1600.0,98.5047
1216,10709,51,20141017,31,51,1,3,53.0,28,0.0,1484.0,0.0,1484.0,91.3631
1217,10709,60,20141017,31,60,1,3,34.0,10,0.0,340.0,0.0,340.0,20.9322
1218,10710,19,20141020,27,19,1,1,9.2,5,0.0,46.0,0.0,46.0,2.4501
1219,10710,47,20141020,27,47,1,1,9.5,5,0.0,47.5,0.0,47.5,2.5299
1220,10711,19,20141021,71,19,5,2,9.2,12,0.0,110.4,0.0,110.4,1.2997
1221,10711,41,20141021,71,41,5,2,9.65,42,0.0,405.3,0.0,405.3,4.7716
1222,10711,53,20141021,71,53,5,2,32.8,120,0.0,3936.0,0.0,3936.0,46.3386
1223,10712,53,20141021,37,53,3,1,32.8,3,0.05,98.4,4.92,93.48,6.8154
1224,10712,56,20141021,37,56,3,1,38.0,30,0.0,1140.0,0.0,1140.0,83.1146
1225,10713,10,20141022,71,10,1,1,31.0,18,0.0,558.0,0.0,558.0,32.9622
1226,10713,26,20141022,71,26,1,1,31.23,30,0.0,936.9,0.0,936.9,55.3447
1227,10713,45,20141022,71,45,1,1,9.5,110,0.0,1045.0,0.0,1045.0,61.7303
1228,10713,46,20141022,71,46,1,1,12.0,24,0.0,288.0,0.0,288.0,17.0128
1229,10714,2,20141022,71,2,5,3,19.0,30,0.25,570.0,142.5,427.5,4.7464
1230,10714,17,20141022,71,17,5,3,39.0,27,0.25,1053.0,263.25,789.75,8.7684
1231,10714,47,20141022,71,47,5,3,9.5,50,0.25,475.0,118.75,356.25,3.9554
1232,10714,56,20141022,71,56,5,3,38.0,18,0.25,684.0,171.0,513.0,5.6957
1233,10714,58,20141022,71,58,5,3,13.25,12,0.25,159.0,39.75,119.25,1.324
1234,10715,10,20141023,9,10,3,1,31.0,21,0.0,651.0,0.0,651.0,31.7463
1235,10715,71,20141023,9,71,3,1,21.5,30,0.0,645.0,0.0,645.0,31.4537
1236,10716,21,20141024,64,21,4,2,10.0,5,0.0,50.0,0.0,50.0,1.5984
1237,10716,51,20141024,64,51,4,2,53.0,7,0.0,371.0,0.0,371.0,11.8604
1238,10716,61,20141024,64,61,4,2,28.5,10,0.0,285.0,0.0,285.0,9.1111
1239,10717,21,20141024,25,21,1,2,10.0,32,0.05,320.0,16.0,304.0,14.1743
1240,10717,54,20141024,25,54,1,2,7.45,15,0.0,111.75,0.0,111.75,5.2105
1241,10717,69,20141024,25,69,1,2,36.0,25,0.05,900.0,45.0,855.0,39.8652
1242,10718,12,20141027,39,12,1,3,38.0,36,0.0,1368.0,0.0,1368.0,67.5033
1243,10718,16,20141027,39,16,1,3,17.45,20,0.0,349.0,0.0,349.0,17.2212
1244,10718,36,20141027,39,36,1,3,19.0,40,0.0,760.0,0.0,760.0,37.5018
1245,10718,62,20141027,39,62,1,3,49.3,20,0.0,986.0,0.0,986.0,48.6537
1246,10719,18,20141027,45,18,8,2,62.5,12,0.25,750.0,187.5,562.5,34.273
1247,10719,30,20141027,45,30,8,2,25.89,3,0.25,77.67,19.42,58.25,3.5492
1248,10719,54,20141027,45,54,8,2,7.45,40,0.25,298.0,74.5,223.5,13.6178
1249,10720,35,20141028,61,35,8,2,18.0,21,0.0,378.0,0.0,378.0,6.5497
1250,10720,71,20141028,61,71,8,2,21.5,8,0.0,172.0,0.0,172.0,2.9803
1251,10721,44,20141029,63,44,5,3,19.45,50,0.05,972.5,48.62,923.88,48.92
1252,10722,2,20141029,71,2,8,1,19.0,3,0.0,57.0,0.0,57.0,2.7077
1253,10722,31,20141029,71,31,8,1,12.5,50,0.0,625.0,0.0,625.0,29.6895
1254,10722,68,20141029,71,68,8,1,12.5,45,0.0,562.5,0.0,562.5,26.7205
1255,10722,75,20141029,71,75,8,1,7.75,42,0.0,325.5,0.0,325.5,15.4623
1256,10723,26,20141030,89,26,3,1,31.23,15,0.0,468.45,0.0,468.45,21.72
1257,10724,10,20141030,51,10,8,2,31.0,16,0.0,496.0,0.0,496.0,44.8614
1258,10724,61,20141030,51,61,8,2,28.5,5,0.0,142.5,0.0,142.5,12.8886
1259,10725,41,20141031,21,41,4,3,9.65,12,0.0,115.8,0.0,115.8,4.3576
1260,10725,52,20141031,21,52,4,3,7.0,4,0.0,28.0,0.0,28.0,1.0536
1261,10725,55,20141031,21,55,4,3,24.0,6,0.0,144.0,0.0,144.0,5.4188
1262,10726,4,20141103,19,4,4,1,22.0,25,0.0,550.0,0.0,550.0,13.9053
1263,10726,11,20141103,19,11,4,1,21.0,5,0.0,105.0,0.0,105.0,2.6547
1264,10727,17,20141103,66,17,2,1,39.0,20,0.05,780.0,39.0,741.0,41.007
1265,10727,56,20141103,66,56,2,1,38.0,10,0.05,380.0,19.0,361.0,19.9778
1266,10727,59,20141103,66,59,2,1,55.0,10,0.05,550.0,27.5,522.5,28.9152
1267,10728,30,20141104,62,30,4,2,25.89,15,0.0,388.35,0.0,388.35,17.4686
1268,10728,40,20141104,62,40,4,2,18.4,6,0.0,110.4,0.0,110.4,4.966
1269,10728,55,20141104,62,55,4,2,24.0,12,0.0,288.0,0.0,288.0,12.9547
1270,10728,60,20141104,62,60,4,2,34.0,15,0.0,510.0,0.0,510.0,22.9407
1271,10729,1,20141104,47,1,8,3,18.0,50,0.0,900.0,0.0,900.0,68.6238
1272,10729,21,20141104,47,21,8,3,10.0,30,0.0,300.0,0.0,300.0,22.8746
1273,10729,50,20141104,47,50,8,3,16.25,40,0.0,650.0,0.0,650.0,49.5616
1274,10730,16,20141105,9,16,5,1,17.45,15,0.05,261.75,13.09,248.66,10.3313
1275,10730,31,20141105,9,31,5,1,12.5,3,0.05,37.5,1.88,35.62,1.4799
1276,10730,65,20141105,9,65,5,1,21.05,10,0.05,210.5,10.52,199.98,8.3088
1277,10731,21,20141106,14,21,7,1,10.0,40,0.05,400.0,20.0,380.0,19.4271
1278,10731,51,20141106,14,51,7,1,53.0,30,0.05,1590.0,79.5,1510.5,77.2229
1279,10732,76,20141106,9,76,3,1,18.0,20,0.0,360.0,0.0,360.0,16.97
1280,10733,14,20141107,5,14,1,3,23.25,16,0.0,372.0,0.0,372.0,28.0747
1281,10733,28,20141107,5,28,1,3,45.6,20,0.0,912.0,0.0,912.0,68.8282
1282,10733,52,20141107,5,52,1,3,7.0,25,0.0,175.0,0.0,175.0,13.2072
1283,10734,6,20141107,31,6,2,3,25.0,30,0.0,750.0,0.0,750.0,0.8159
1284,10734,30,20141107,31,30,2,3,25.89,15,0.0,388.35,0.0,388.35,0.4225
1285,10734,76,20141107,31,76,2,3,18.0,20,0.0,360.0,0.0,360.0,0.3916
1286,10735,61,20141110,45,61,6,2,28.5,20,0.1,570.0,57.0,513.0,43.9646
1287,10735,77,20141110,45,77,6,2,13.0,2,0.1,26.0,2.6,23.4,2.0054
1288,10736,65,20141111,37,65,9,2,21.05,40,0.0,842.0,0.0,842.0,37.2439
1289,10736,75,20141111,37,75,9,2,7.75,20,0.0,155.0,0.0,155.0,6.8561
1290,10737,13,20141111,85,13,2,2,6.0,4,0.0,24.0,0.0,24.0,1.3373
1291,10737,41,20141111,85,41,2,2,9.65,12,0.0,115.8,0.0,115.8,6.4527
1292,10738,16,20141112,74,16,2,1,17.45,3,0.0,52.35,0.0,52.35,2.91
1293,10739,36,20141112,85,36,3,3,19.0,6,0.0,114.0,0.0,114.0,5.263
1294,10739,52,20141112,85,52,3,3,7.0,18,0.0,126.0,0.0,126.0,5.817
1295,10740,28,20141113,89,28,4,2,45.6,5,0.2,228.0,45.6,182.4,10.5473
1296,10740,35,20141113,89,35,4,2,18.0,35,0.2,630.0,126.0,504.0,29.1437
1297,10740,45,20141113,89,45,4,2,9.5,40,0.2,380.0,76.0,304.0,17.5788
1298,10740,56,20141113,89,56,4,2,38.0,14,0.2,532.0,106.4,425.6,24.6103
1299,10741,2,20141114,4,2,4,3,19.0,15,0.2,285.0,57.0,228.0,10.96
1300,10742,3,20141114,10,3,3,3,10.0,20,0.0,200.0,0.0,200.0,15.6337
1301,10742,60,20141114,10,60,3,3,34.0,50,0.0,1700.0,0.0,1700.0,132.8868
1302,10742,72,20141114,10,72,3,3,34.8,35,0.0,1218.0,0.0,1218.0,95.2095
1303,10743,46,20141117,4,46,1,2,12.0,28,0.05,336.0,16.8,319.2,23.72
1304,10744,40,20141117,83,40,6,1,18.4,50,0.2,920.0,184.0,736.0,69.19
1305,10745,18,20141118,63,18,9,1,62.5,24,0.0,1500.0,0.0,1500.0,1.1656
1306,10745,44,20141118,63,44,9,1,19.45,16,0.0,311.2,0.0,311.2,0.2418
1307,10745,59,20141118,63,59,9,1,55.0,45,0.0,2475.0,0.0,2475.0,1.9233
1308,10745,72,20141118,63,72,9,1,34.8,7,0.0,243.6,0.0,243.6,0.1893
1309,10746,13,20141119,14,13,1,3,6.0,6,0.0,36.0,0.0,36.0,0.4895
1310,10746,42,20141119,14,42,1,3,14.0,28,0.0,392.0,0.0,392.0,5.3297
1311,10746,62,20141119,14,62,1,3,49.3,9,0.0,443.7,0.0,443.7,6.0326
1312,10746,69,20141119,14,69,1,3,36.0,40,0.0,1440.0,0.0,1440.0,19.5783
1313,10747,31,20141119,59,31,6,1,12.5,8,0.0,100.0,0.0,100.0,6.1338
1314,10747,41,20141119,59,41,6,1,9.65,35,0.0,337.75,0.0,337.75,20.7168
1315,10747,63,20141119,59,63,6,1,43.9,9,0.0,395.1,0.0,395.1,24.2346
1316,10747,69,20141119,59,69,6,1,36.0,30,0.0,1080.0,0.0,1080.0,66.2448
1317,10748,23,20141120,71,23,3,1,9.0,44,0.0,396.0,0.0,396.0,41.9352
1318,10748,40,20141120,71,40,3,1,18.4,40,0.0,736.0,0.0,736.0,77.9403
1319,10748,56,20141120,71,56,3,1,38.0,28,0.0,1064.0,0.0,1064.0,112.6745
1320,10749,56,20141120,38,56,4,2,38.0,15,0.0,570.0,0.0,570.0,32.4742
1321,10749,59,20141120,38,59,4,2,55.0,6,0.0,330.0,0.0,330.0,18.8008
1322,10749,76,20141120,38,76,4,2,18.0,10,0.0,180.0,0.0,180.0,10.255
1323,10750,14,20141121,87,14,9,1,23.25,5,0.15,116.25,17.44,98.81,4.9263
1324,10750,45,20141121,87,45,9,1,9.5,40,0.15,380.0,57.0,323.0,16.1037
1325,10750,59,20141121,87,59,9,1,55.0,25,0.15,1375.0,206.25,1168.75,58.27
1326,10751,26,20141124,68,26,3,3,31.23,12,0.1,374.76,37.48,337.28,27.0385
1327,10751,30,20141124,68,30,3,3,25.89,30,0.0,776.7,0.0,776.7,62.2653
1328,10751,50,20141124,68,50,3,3,16.25,20,0.1,325.0,32.5,292.5,23.4487
1329,10751,73,20141124,68,73,3,3,15.0,15,0.0,225.0,0.0,225.0,18.0375
1330,10752,1,20141124,53,1,2,3,18.0,8,0.0,144.0,0.0,144.0,0.7943
1331,10752,69,20141124,53,69,2,3,36.0,3,0.0,108.0,0.0,108.0,0.5957
1332,10753,45,20141125,27,45,3,1,9.5,4,0.0,38.0,0.0,38.0,3.325
1333,10753,74,20141125,27,74,3,1,10.0,5,0.0,50.0,0.0,50.0,4.375
1334,10754,40,20141125,49,40,6,3,18.4,3,0.0,55.2,0.0,55.2,2.38
1335,10755,47,20141126,9,47,4,2,9.5,30,0.25,285.0,71.25,213.75,1.8331
1336,10755,56,20141126,9,56,4,2,38.0,30,0.25,1140.0,285.0,855.0,7.3323
1337,10755,57,20141126,9,57,4,2,19.5,14,0.25,273.0,68.25,204.75,1.7559
1338,10755,69,20141126,9,69,4,2,36.0,25,0.25,900.0,225.0,675.0,5.7887
1339,10756,18,20141127,75,18,8,2,62.5,21,0.2,1312.5,262.5,1050.0,38.6284
1340,10756,36,20141127,75,36,8,2,19.0,20,0.2,380.0,76.0,304.0,11.1838
1341,10756,68,20141127,75,68,8,2,12.5,6,0.2,75.0,15.0,60.0,2.2073
1342,10756,69,20141127,75,69,8,2,36.0,20,0.2,720.0,144.0,576.0,21.1904
1343,10757,34,20141127,71,34,6,1,14.0,30,0.0,420.0,0.0,420.0,1.1161
1344,10757,59,20141127,71,59,6,1,55.0,7,0.0,385.0,0.0,385.0,1.0231
1345,10757,62,20141127,71,62,6,1,49.3,30,0.0,1479.0,0.0,1479.0,3.9302
1346,10757,64,20141127,71,64,6,1,33.25,24,0.0,798.0,0.0,798.0,2.1206
1347,10758,26,20141128,68,26,3,3,31.23,20,0.0,624.6,0.0,624.6,52.4754
1348,10758,52,20141128,68,52,3,3,7.0,60,0.0,420.0,0.0,420.0,35.286
1349,10758,70,20141128,68,70,3,3,15.0,40,0.0,600.0,0.0,600.0,50.4086
1350,10759,32,20141128,2,32,3,3,32.0,10,0.0,320.0,0.0,320.0,11.99
1351,10760,25,20141201,50,25,4,1,14.0,12,0.25,168.0,42.0,126.0,6.7229
1352,10760,27,20141201,50,27,4,1,43.9,40,0.0,1756.0,0.0,1756.0,93.6935
1353,10760,43,20141201,50,43,4,1,46.0,30,0.25,1380.0,345.0,1035.0,55.2237
1354,10761,25,20141202,65,25,5,2,14.0,35,0.25,490.0,122.5,367.5,13.5257
1355,10761,75,20141202,65,75,5,2,7.75,18,0.0,139.5,0.0,139.5,5.1343
1356,10762,39,20141202,24,39,3,1,18.0,16,0.0,288.0,0.0,288.0,21.8301
1357,10762,47,20141202,24,47,3,1,9.5,30,0.0,285.0,0.0,285.0,21.6027
1358,10762,51,20141202,24,51,3,1,53.0,28,0.0,1484.0,0.0,1484.0,112.4856
1359,10762,56,20141202,24,56,3,1,38.0,60,0.0,2280.0,0.0,2280.0,172.8216
1360,10763,21,20141203,23,21,3,3,10.0,40,0.0,400.0,0.0,400.0,24.2532
1361,10763,22,20141203,23,22,3,3,21.0,6,0.0,126.0,0.0,126.0,7.6398
1362,10763,24,20141203,23,24,3,3,4.5,20,0.0,90.0,0.0,90.0,5.457
1363,10764,3,20141203,20,3,6,3,10.0,20,0.1,200.0,20.0,180.0,11.4528
1364,10764,39,20141203,20,39,6,3,18.0,130,0.1,2340.0,234.0,2106.0,133.9972
1365,10765,65,20141204,63,65,3,3,21.05,80,0.1,1684.0,168.4,1515.6,42.74
1366,10766,2,20141205,56,2,4,1,19.0,40,0.0,760.0,0.0,760.0,51.8346
1367,10766,7,20141205,56,7,4,1,30.0,35,0.0,1050.0,0.0,1050.0,71.6136
1368,10766,68,20141205,56,68,4,1,12.5,40,0.0,500.0,0.0,500.0,34.1017
1369,10767,42,20141205,76,42,4,3,14.0,2,0.0,28.0,0.0,28.0,1.59
1370,10768,22,20141208,4,22,3,2,21.0,4,0.0,84.0,0.0,84.0,8.3215
1371,10768,31,20141208,4,31,3,2,12.5,50,0.0,625.0,0.0,625.0,61.916
1372,10768,60,20141208,4,60,3,2,34.0,15,0.0,510.0,0.0,510.0,50.5235
1373,10768,71,20141208,4,71,3,2,21.5,12,0.0,258.0,0.0,258.0,25.5589
1374,10769,41,20141208,83,41,3,1,9.65,30,0.05,289.5,14.48,275.02,10.6235
1375,10769,52,20141208,83,52,3,1,7.0,15,0.05,105.0,5.25,99.75,3.8531
1376,10769,61,20141208,83,61,3,1,28.5,20,0.0,570.0,0.0,570.0,22.018
1377,10769,62,20141208,83,62,3,1,49.3,15,0.0,739.5,0.0,739.5,28.5654
1378,10770,11,20141209,34,11,8,3,21.0,15,0.25,315.0,78.75,236.25,5.32
1379,10771,71,20141210,20,71,9,2,21.5,16,0.0,344.0,0.0,344.0,11.19
1380,10772,29,20141210,44,29,3,2,123.79,18,0.0,2228.22,0.0,2228.22,56.4473
1381,10772,59,20141210,44,59,3,2,55.0,25,0.0,1375.0,0.0,1375.0,34.8327
1382,10773,17,20141211,20,17,1,3,39.0,33,0.0,1287.0,0.0,1287.0,61.1236
1383,10773,31,20141211,20,31,1,3,12.5,70,0.2,875.0,175.0,700.0,33.2452
1384,10773,75,20141211,20,75,1,3,7.75,7,0.2,54.25,10.85,43.4,2.0612
1385,10774,31,20141211,24,31,4,1,12.5,2,0.25,25.0,6.25,18.75,1.0403
1386,10774,66,20141211,24,66,4,1,17.0,50,0.0,850.0,0.0,850.0,47.1597
1387,10775,10,20141212,78,10,7,1,31.0,6,0.0,186.0,0.0,186.0,16.5197
1388,10775,67,20141212,78,67,7,1,14.0,3,0.0,42.0,0.0,42.0,3.7303
1389,10776,31,20141215,20,31,1,3,12.5,16,0.05,200.0,10.0,190.0,10.066
1390,10776,42,20141215,20,42,1,3,14.0,12,0.05,168.0,8.4,159.6,8.4554
1391,10776,45,20141215,20,45,1,3,9.5,27,0.05,256.5,12.82,243.68,12.9099
1392,10776,51,20141215,20,51,1,3,53.0,120,0.05,6360.0,318.0,6042.0,320.0987
1393,10777,42,20141215,31,42,7,2,14.0,20,0.2,280.0,56.0,224.0,3.01
1394,10778,41,20141216,5,41,3,1,9.65,10,0.0,96.5,0.0,96.5,6.79
1395,10779,16,20141216,52,16,3,2,17.45,20,0.0,349.0,0.0,349.0,15.1965
1396,10779,62,20141216,52,62,3,2,49.3,20,0.0,986.0,0.0,986.0,42.9335
1397,10780,70,20141216,46,70,2,1,15.0,35,0.0,525.0,0.0,525.0,30.7198
1398,10780,77,20141216,46,77,2,1,13.0,15,0.0,195.0,0.0,195.0,11.4102
1399,10781,54,20141217,87,54,2,3,7.45,3,0.2,22.35,4.47,17.88,1.3404
1400,10781,56,20141217,87,56,2,3,38.0,20,0.2,760.0,152.0,608.0,45.5807
1401,10781,74,20141217,87,74,2,3,10.0,35,0.0,350.0,0.0,350.0,26.2389
1402,10782,31,20141217,12,31,9,3,12.5,1,0.0,12.5,0.0,12.5,1.1
1403,10783,31,20141218,34,31,4,2,12.5,10,0.0,125.0,0.0,125.0,10.8302
1404,10783,38,20141218,34,38,4,2,263.5,5,0.0,1317.5,0.0,1317.5,114.1498
1405,10784,36,20141218,49,36,4,3,19.0,30,0.0,570.0,0.0,570.0,26.849
1406,10784,39,20141218,49,39,4,3,18.0,2,0.15,36.0,5.4,30.6,1.4414
1407,10784,72,20141218,49,72,4,3,34.8,30,0.15,1044.0,156.6,887.4,41.7996
1408,10785,10,20141218,33,10,1,3,31.0,10,0.0,310.0,0.0,310.0,1.208
1409,10785,75,20141218,33,75,1,3,7.75,10,0.0,77.5,0.0,77.5,0.302
1410,10786,8,20141219,62,8,8,1,40.0,30,0.2,1200.0,240.0,960.0,69.5164
1411,10786,30,20141219,62,30,8,1,25.89,15,0.2,388.35,77.67,310.68,22.4973
1412,10786,75,20141219,62,75,8,1,7.75,42,0.2,325.5,65.1,260.4,18.8563
1413,10787,2,20141219,41,2,2,1,19.0,15,0.05,285.0,14.25,270.75,25.8005
1414,10787,29,20141219,41,29,2,1,123.79,20,0.05,2475.8,123.79,2352.01,224.1295
1415,10788,19,20141222,63,19,1,2,9.2,50,0.05,460.0,23.0,437.0,25.5091
1416,10788,75,20141222,63,75,1,2,7.75,40,0.05,310.0,15.5,294.5,17.1909
1417,10789,18,20141222,23,18,1,2,62.5,30,0.0,1875.0,0.0,1875.0,51.1595
1418,10789,35,20141222,23,35,1,2,18.0,15,0.0,270.0,0.0,270.0,7.367
1419,10789,63,20141222,23,63,1,2,43.9,30,0.0,1317.0,0.0,1317.0,35.9344
1420,10789,68,20141222,23,68,1,2,12.5,18,0.0,225.0,0.0,225.0,6.1391
1421,10790,7,20141222,31,7,6,1,30.0,3,0.15,90.0,13.5,76.5,2.9891
1422,10790,56,20141222,31,56,6,1,38.0,20,0.15,760.0,114.0,646.0,25.2409
1423,10791,29,20141223,25,29,6,2,123.79,14,0.05,1733.06,86.65,1646.41,15.1616
1424,10791,41,20141223,25,41,6,2,9.65,20,0.05,193.0,9.65,183.35,1.6884
1425,10792,2,20141223,91,2,1,3,19.0,10,0.0,190.0,0.0,190.0,11.3045
1426,10792,54,20141223,91,54,1,3,7.45,3,0.0,22.35,0.0,22.35,1.3298
1427,10792,68,20141223,91,68,1,3,12.5,15,0.0,187.5,0.0,187.5,11.1557
1428,10793,41,20141224,4,41,3,3,9.65,14,0.0,135.1,0.0,135.1,3.1955
1429,10793,52,20141224,4,52,3,3,7.0,8,0.0,56.0,0.0,56.0,1.3245
1430,10794,14,20141224,61,14,6,1,23.25,15,0.2,348.75,69.75,279.0,19.0485
1431,10794,54,20141224,61,54,6,1,7.45,6,0.2,44.7,8.94,35.76,2.4415
1432,10795,16,20141224,20,16,8,2,17.45,65,0.0,1134.25,0.0,1134.25,66.5728
1433,10795,17,20141224,20,17,8,2,39.0,35,0.25,1365.0,341.25,1023.75,60.0872
1434,10796,26,20141225,35,26,3,1,31.23,21,0.2,655.83,131.17,524.66,5.9427
1435,10796,44,20141225,35,44,3,1,19.45,10,0.0,194.5,0.0,194.5,2.2031
1436,10796,64,20141225,35,64,3,1,33.25,35,0.2,1163.75,232.75,931.0,10.5452
1437,10796,69,20141225,35,69,3,1,36.0,24,0.2,864.0,172.8,691.2,7.829
1438,10797,11,20141225,17,11,7,2,21.0,20,0.0,420.0,0.0,420.0,33.35
1439,10798,62,20141226,38,62,2,1,49.3,2,0.0,98.6,0.0,98.6,0.5144
1440,10798,72,20141226,38,72,2,1,34.8,10,0.0,348.0,0.0,348.0,1.8156
1441,10799,13,20141226,39,13,9,3,6.0,20,0.15,120.0,18.0,102.0,2.0196
1442,10799,24,20141226,39,24,9,3,4.5,20,0.15,90.0,13.5,76.5,1.5147
1443,10799,59,20141226,39,59,9,3,55.0,25,0.0,1375.0,0.0,1375.0,27.2256
1444,10800,11,20141226,72,11,1,3,21.0,50,0.1,1050.0,105.0,945.0,88.4186
1445,10800,51,20141226,72,51,1,3,53.0,10,0.1,530.0,53.0,477.0,44.6304
1446,10800,54,20141226,72,54,1,3,7.45,7,0.1,52.15,5.22,46.93,4.391
1447,10801,17,20141229,8,17,4,2,39.0,40,0.25,1560.0,390.0,1170.0,37.5292
1448,10801,29,20141229,8,29,4,2,123.79,20,0.25,2475.8,618.95,1856.85,59.5608
1449,10802,30,20141229,73,30,4,2,25.89,25,0.25,647.25,161.81,485.44,42.4369
1450,10802,51,20141229,73,51,4,2,53.0,30,0.25,1590.0,397.5,1192.5,104.2478
1451,10802,55,20141229,73,55,4,2,24.0,60,0.25,1440.0,360.0,1080.0,94.4131
1452,10802,62,20141229,73,62,4,2,49.3,5,0.25,246.5,61.62,184.88,16.1621
1453,10803,19,20141230,88,19,4,1,9.2,24,0.05,220.8,11.04,209.76,9.7108
1454,10803,25,20141230,88,25,4,1,14.0,15,0.05,210.0,10.5,199.5,9.2358
1455,10803,59,20141230,88,59,4,1,55.0,15,0.05,825.0,41.25,783.75,36.2834
1456,10804,10,20141230,72,10,6,2,31.0,36,0.0,1116.0,0.0,1116.0,13.3867
1457,10804,28,20141230,72,28,6,2,45.6,24,0.0,1094.4,0.0,1094.4,13.1276
1458,10804,49,20141230,72,49,6,2,20.0,4,0.15,80.0,12.0,68.0,0.8157
1459,10805,34,20141230,77,34,2,3,14.0,10,0.0,140.0,0.0,140.0,11.9739
1460,10805,38,20141230,77,38,2,3,263.5,10,0.0,2635.0,0.0,2635.0,225.3661
1461,10806,2,20141231,84,2,3,2,19.0,20,0.25,380.0,95.0,285.0,14.3343
1462,10806,65,20141231,84,65,3,2,21.05,2,0.0,42.1,0.0,42.1,2.1174
1463,10806,74,20141231,84,74,3,2,10.0,15,0.25,150.0,37.5,112.5,5.6583
1464,10807,40,20141231,27,40,4,1,18.4,1,0.0,18.4,0.0,18.4,1.36
1465,10808,56,20150101,55,56,2,3,38.0,20,0.15,760.0,114.0,646.0,20.8451
1466,10808,76,20150101,55,76,2,3,18.0,50,0.15,900.0,135.0,765.0,24.6849
1467,10809,52,20150101,88,52,7,1,7.0,20,0.0,140.0,0.0,140.0,4.87
1468,10810,13,20150101,42,13,2,3,6.0,7,0.0,42.0,0.0,42.0,0.9725
1469,10810,25,20150101,42,25,2,3,14.0,5,0.0,70.0,0.0,70.0,1.6209
1470,10810,70,20150101,42,70,2,3,15.0,5,0.0,75.0,0.0,75.0,1.7366
1471,10811,19,20150102,47,19,8,1,9.2,15,0.0,138.0,0.0,138.0,5.0568
1472,10811,23,20150102,47,23,8,1,9.0,18,0.0,162.0,0.0,162.0,5.9362
1473,10811,40,20150102,47,40,8,1,18.4,30,0.0,552.0,0.0,552.0,20.227
1474,10812,31,20150102,66,31,5,1,12.5,16,0.1,200.0,20.0,180.0,6.3566
1475,10812,72,20150102,66,72,5,1,34.8,40,0.1,1392.0,139.2,1252.8,44.2417
1476,10812,77,20150102,66,77,5,1,13.0,20,0.0,260.0,0.0,260.0,9.1817
1477,10813,2,20150105,67,2,1,1,19.0,12,0.2,228.0,45.6,182.4,14.3461
1478,10813,46,20150105,67,46,1,1,12.0,35,0.0,420.0,0.0,420.0,33.0339
1479,10814,41,20150105,84,41,3,3,9.65,20,0.0,193.0,0.0,193.0,14.1303
1480,10814,43,20150105,84,43,3,3,46.0,20,0.15,920.0,138.0,782.0,57.2535
1481,10814,48,20150105,84,48,3,3,12.75,8,0.15,102.0,15.3,86.7,6.3477
1482,10814,61,20150105,84,61,3,3,28.5,30,0.15,855.0,128.25,726.75,53.2084
1483,10815,33,20150105,71,33,2,3,2.5,16,0.0,40.0,0.0,40.0,14.62
1484,10816,38,20150106,32,38,4,2,263.5,30,0.05,7905.0,395.25,7509.75,639.9574
1485,10816,62,20150106,32,62,4,2,49.3,20,0.05,986.0,49.3,936.7,79.8226
1486,10817,26,20150106,39,26,3,2,31.23,40,0.15,1249.2,187.38,1061.82,29.6719
1487,10817,38,20150106,39,38,3,2,263.5,30,0.0,7905.0,0.0,7905.0,220.9001
1488,10817,40,20150106,39,40,3,2,18.4,60,0.15,1104.0,165.6,938.4,26.223
1489,10817,62,20150106,39,62,3,2,49.3,25,0.15,1232.5,184.88,1047.62,29.2751
1490,10818,32,20150107,49,32,7,3,32.0,20,0.0,640.0,0.0,640.0,50.3088
1491,10818,41,20150107,49,41,7,3,9.65,20,0.0,193.0,0.0,193.0,15.1712
1492,10819,43,20150107,12,43,2,3,46.0,7,0.0,322.0,0.0,322.0,13.339
1493,10819,75,20150107,12,75,2,3,7.75,20,0.0,155.0,0.0,155.0,6.421
1494,10820,56,20150107,65,56,3,2,38.0,30,0.0,1140.0,0.0,1140.0,37.52
1495,10821,35,20150108,75,35,1,1,18.0,20,0.0,360.0,0.0,360.0,19.4761
1496,10821,51,20150108,75,51,1,1,53.0,6,0.0,318.0,0.0,318.0,17.2039
1497,10822,62,20150108,82,62,6,3,49.3,3,0.0,147.9,0.0,147.9,4.3518
1498,10822,70,20150108,82,70,6,3,15.0,6,0.0,90.0,0.0,90.0,2.6482
1499,10823,11,20150109,46,11,5,2,21.0,20,0.1,420.0,42.0,378.0,21.9323
1500,10823,57,20150109,46,57,5,2,19.5,15,0.0,292.5,0.0,292.5,16.9714
1501,10823,59,20150109,46,59,5,2,55.0,40,0.1,2200.0,220.0,1980.0,114.8834
1502,10823,77,20150109,46,77,5,2,13.0,15,0.1,195.0,19.5,175.5,10.1829
1503,10824,41,20150109,24,41,8,1,9.65,12,0.0,115.8,0.0,115.8,0.5679
1504,10824,70,20150109,24,70,8,1,15.0,9,0.0,135.0,0.0,135.0,0.6621
1505,10825,26,20150109,17,26,1,1,31.23,12,0.0,374.76,0.0,374.76,28.8134
1506,10825,53,20150109,17,53,1,1,32.8,20,0.0,656.0,0.0,656.0,50.4366
1507,10826,31,20150112,7,31,6,1,12.5,35,0.0,437.5,0.0,437.5,4.2491
1508,10826,57,20150112,7,57,6,1,19.5,15,0.0,292.5,0.0,292.5,2.8409
1509,10827,10,20150112,9,10,1,2,31.0,15,0.0,465.0,0.0,465.0,35.0488
1510,10827,39,20150112,9,39,1,2,18.0,21,0.0,378.0,0.0,378.0,28.4912
1511,10828,20,20150113,64,20,9,1,81.0,5,0.0,405.0,0.0,405.0,39.4788
1512,10828,38,20150113,64,38,9,1,263.5,2,0.0,527.0,0.0,527.0,51.3712
1513,10829,2,20150113,38,2,9,1,19.0,10,0.0,190.0,0.0,190.0,16.6649
1514,10829,8,20150113,38,8,9,1,40.0,20,0.0,800.0,0.0,800.0,70.1678
1515,10829,13,20150113,38,13,9,1,6.0,10,0.0,60.0,0.0,60.0,5.2626
1516,10829,60,20150113,38,60,9,1,34.0,21,0.0,714.0,0.0,714.0,62.6248
1517,10830,6,20150113,81,6,4,2,25.0,6,0.0,150.0,0.0,150.0,6.2181
1518,10830,39,20150113,81,39,4,2,18.0,28,0.0,504.0,0.0,504.0,20.8928
1519,10830,60,20150113,81,60,4,2,34.0,30,0.0,1020.0,0.0,1020.0,42.283
1520,10830,68,20150113,81,68,4,2,12.5,24,0.0,300.0,0.0,300.0,12.4362
1521,10831,19,20150114,70,19,3,2,9.2,2,0.0,18.4,0.0,18.4,0.4948
1522,10831,35,20150114,70,35,3,2,18.0,8,0.0,144.0,0.0,144.0,3.8725
1523,10831,38,20150114,70,38,3,2,263.5,8,0.0,2108.0,0.0,2108.0,56.6892
1524,10831,43,20150114,70,43,3,2,46.0,9,0.0,414.0,0.0,414.0,11.1335
1525,10832,13,20150114,41,13,2,2,6.0,3,0.2,18.0,3.6,14.4,1.3112
1526,10832,25,20150114,41,25,2,2,14.0,10,0.2,140.0,28.0,112.0,10.1979
1527,10832,44,20150114,41,44,2,2,19.45,16,0.2,311.2,62.24,248.96,22.6685
1528,10832,64,20150114,41,64,2,2,33.25,3,0.0,99.75,0.0,99.75,9.0825
1529,10833,7,20150115,56,7,6,2,30.0,20,0.1,600.0,60.0,540.0,42.5662
1530,10833,31,20150115,56,31,6,2,12.5,9,0.1,112.5,11.25,101.25,7.9812
1531,10833,53,20150115,56,53,6,2,32.8,9,0.1,295.2,29.52,265.68,20.9426
1532,10834,29,20150115,81,29,1,3,123.79,8,0.05,990.32,49.52,940.8,19.5553
1533,10834,30,20150115,81,30,1,3,25.89,20,0.05,517.8,25.89,491.91,10.2247
1534,10835,59,20150115,1,59,1,3,55.0,15,0.0,825.0,0.0,825.0,67.8201
1535,10835,77,20150115,1,77,1,3,13.0,2,0.2,26.0,5.2,20.8,1.7099
1536,10836,22,20150116,20,22,7,1,21.0,52,0.0,1092.0,0.0,1092.0,95.5845
1537,10836,35,20150116,20,35,7,1,18.0,6,0.0,108.0,0.0,108.0,9.4534
1538,10836,57,20150116,20,57,7,1,19.5,24,0.0,468.0,0.0,468.0,40.9648
1539,10836,60,20150116,20,60,7,1,34.0,60,0.0,2040.0,0.0,2040.0,178.5645
1540,10836,64,20150116,20,64,7,1,33.25,30,0.0,997.5,0.0,997.5,87.3128
1541,10837,13,20150116,5,13,9,3,6.0,6,0.0,36.0,0.0,36.0,0.4505
1542,10837,40,20150116,5,40,9,3,18.4,25,0.0,460.0,0.0,460.0,5.7559
1543,10837,47,20150116,5,47,9,3,9.5,40,0.25,380.0,95.0,285.0,3.5662
1544,10837,76,20150116,5,76,9,3,18.0,21,0.25,378.0,94.5,283.5,3.5474
1545,10838,1,20150119,47,1,3,3,18.0,4,0.25,72.0,18.0,54.0,1.6514
1546,10838,18,20150119,47,18,3,3,62.5,25,0.25,1562.5,390.62,1171.88,35.8387
1547,10838,36,20150119,47,36,3,3,19.0,50,0.25,950.0,237.5,712.5,21.7898
1548,10839,58,20150119,81,58,3,3,13.25,30,0.1,397.5,39.75,357.75,15.3164
1549,10839,72,20150119,81,72,3,3,34.8,15,0.1,522.0,52.2,469.8,20.1136
1550,10840,25,20150119,47,25,4,2,14.0,6,0.2,84.0,16.8,67.2,0.8623
1551,10840,39,20150119,47,39,4,2,18.0,10,0.2,180.0,36.0,144.0,1.8477
1552,10841,10,20150120,76,10,5,2,31.0,16,0.0,496.0,0.0,496.0,45.9404
1553,10841,56,20150120,76,56,5,2,38.0,30,0.0,1140.0,0.0,1140.0,105.5887
1554,10841,59,20150120,76,59,5,2,55.0,50,0.0,2750.0,0.0,2750.0,254.7097
1555,10841,77,20150120,76,77,5,2,13.0,15,0.0,195.0,0.0,195.0,18.0612
1556,10842,11,20150120,80,11,1,3,21.0,15,0.0,315.0,0.0,315.0,17.5818
1557,10842,43,20150120,80,43,1,3,46.0,5,0.0,230.0,0.0,230.0,12.8375
1558,10842,68,20150120,80,68,1,3,12.5,20,0.0,250.0,0.0,250.0,13.9538
1559,10842,70,20150120,80,70,1,3,15.0,12,0.0,180.0,0.0,180.0,10.0468
1560,10843,51,20150121,84,51,4,2,53.0,4,0.25,212.0,53.0,159.0,9.26
1561,10844,22,20150121,59,22,8,2,21.0,35,0.0,735.0,0.0,735.0,25.22
1562,10845,23,20150121,63,23,8,1,9.0,70,0.1,630.0,63.0,567.0,31.673
1563,10845,35,20150121,63,35,8,1,18.0,25,0.1,450.0,45.0,405.0,22.6236
1564,10845,42,20150121,63,42,8,1,14.0,42,0.1,588.0,58.8,529.2,29.5615
1565,10845,58,20150121,63,58,8,1,13.25,60,0.1,795.0,79.5,715.5,39.9683
1566,10845,64,20150121,63,64,8,1,33.25,48,0.0,1596.0,0.0,1596.0,89.1536
1567,10846,4,20150122,76,4,2,3,22.0,21,0.0,462.0,0.0,462.0,23.4573
1568,10846,70,20150122,76,70,2,3,15.0,30,0.0,450.0,0.0,450.0,22.848
1569,10846,74,20150122,76,74,2,3,10.0,20,0.0,200.0,0.0,200.0,10.1547
1570,10847,1,20150122,71,1,4,3,18.0,80,0.2,1440.0,288.0,1152.0,113.8868
1571,10847,19,20150122,71,19,4,3,9.2,12,0.2,110.4,22.08,88.32,8.7313
1572,10847,37,20150122,71,37,4,3,26.0,60,0.2,1560.0,312.0,1248.0,123.3774
1573,10847,45,20150122,71,45,4,3,9.5,36,0.2,342.0,68.4,273.6,27.0481
1574,10847,60,20150122,71,60,4,3,34.0,45,0.2,1530.0,306.0,1224.0,121.0047
1575,10847,71,20150122,71,71,4,3,21.5,55,0.2,1182.5,236.5,946.0,93.5216
1576,10848,5,20150123,16,5,7,2,21.35,30,0.0,640.5,0.0,640.5,26.2938
1577,10848,9,20150123,16,9,7,2,97.0,3,0.0,291.0,0.0,291.0,11.9462
1578,10849,3,20150123,39,3,9,2,10.0,49,0.0,490.0,0.0,490.0,0.2835
1579,10849,26,20150123,39,26,9,2,31.23,18,0.15,562.14,84.32,477.82,0.2765
1580,10850,25,20150123,84,25,1,1,14.0,20,0.15,280.0,42.0,238.0,18.6124
1581,10850,33,20150123,84,33,1,1,2.5,4,0.15,10.0,1.5,8.5,0.6647
1582,10850,70,20150123,84,70,1,1,15.0,30,0.15,450.0,67.5,382.5,29.9128
1583,10851,2,20150126,67,2,5,1,19.0,5,0.05,95.0,4.75,90.25,5.5665
1584,10851,25,20150126,67,25,5,1,14.0,10,0.05,140.0,7.0,133.0,8.2033
1585,10851,57,20150126,67,57,5,1,19.5,10,0.05,195.0,9.75,185.25,11.426
1586,10851,59,20150126,67,59,5,1,55.0,42,0.05,2310.0,115.5,2194.5,135.3542
1587,10852,2,20150126,65,2,8,1,19.0,15,0.0,285.0,0.0,285.0,16.6234
1588,10852,17,20150126,65,17,8,1,39.0,6,0.0,234.0,0.0,234.0,13.6487
1589,10852,62,20150126,65,62,8,1,49.3,50,0.0,2465.0,0.0,2465.0,143.7779
1590,10853,18,20150127,6,18,9,2,62.5,10,0.0,625.0,0.0,625.0,53.83
1591,10854,10,20150127,20,10,3,2,31.0,100,0.15,3100.0,465.0,2635.0,89.0206
1592,10854,13,20150127,20,13,3,2,6.0,65,0.15,390.0,58.5,331.5,11.1994
1593,10855,16,20150127,55,16,3,1,17.45,50,0.0,872.5,0.0,872.5,66.9563
1594,10855,31,20150127,55,31,3,1,12.5,14,0.0,175.0,0.0,175.0,13.4296
1595,10855,56,20150127,55,56,3,1,38.0,24,0.0,912.0,0.0,912.0,69.9876
1596,10855,65,20150127,55,65,3,1,21.05,15,0.15,315.75,47.36,268.39,20.5965
1597,10856,2,20150128,3,2,3,2,19.0,20,0.0,380.0,0.0,380.0,33.6415
1598,10856,42,20150128,3,42,3,2,14.0,20,0.0,280.0,0.0,280.0,24.7885
1599,10857,3,20150128,5,3,8,2,10.0,30,0.0,300.0,0.0,300.0,27.6607
1600,10857,26,20150128,5,26,8,2,31.23,35,0.25,1093.05,273.26,819.79,75.5867
1601,10857,29,20150128,5,29,8,2,123.79,10,0.25,1237.9,309.48,928.42,85.6026
1602,10858,7,20150129,40,7,2,1,30.0,5,0.0,150.0,0.0,150.0,12.1364
1603,10858,27,20150129,40,27,2,1,43.9,10,0.0,439.0,0.0,439.0,35.5191
1604,10858,70,20150129,40,70,2,1,15.0,4,0.0,60.0,0.0,60.0,4.8545
1605,10859,24,20150129,25,24,1,2,4.5,40,0.25,180.0,45.0,135.0,9.5241
1606,10859,54,20150129,25,54,1,2,7.45,35,0.25,260.75,65.19,195.56,13.7966
1607,10859,64,20150129,25,64,1,2,33.25,30,0.25,997.5,249.38,748.12,52.7793
1608,10860,51,20150129,26,51,3,3,53.0,3,0.0,159.0,0.0,159.0,5.9005
1609,10860,76,20150129,26,76,3,3,18.0,20,0.0,360.0,0.0,360.0,13.3595
1610,10861,17,20150130,89,17,4,2,39.0,42,0.0,1638.0,0.0,1638.0,6.9408
1611,10861,18,20150130,89,18,4,2,62.5,20,0.0,1250.0,0.0,1250.0,5.2967
1612,10861,21,20150130,89,21,4,2,10.0,40,0.0,400.0,0.0,400.0,1.695
1613,10861,33,20150130,89,33,4,2,2.5,35,0.0,87.5,0.0,87.5,0.3708
1614,10861,62,20150130,89,62,4,2,49.3,3,0.0,147.9,0.0,147.9,0.6267
1615,10862,11,20150130,44,11,8,2,21.0,25,0.0,525.0,0.0,525.0,48.0994
1616,10862,52,20150130,44,52,8,2,7.0,8,0.0,56.0,0.0,56.0,5.1306
1617,10863,1,20150202,35,1,4,2,18.0,20,0.15,360.0,54.0,306.0,20.9896
1618,10863,58,20150202,35,58,4,2,13.25,12,0.15,159.0,23.85,135.15,9.2704
1619,10864,35,20150202,4,35,4,2,18.0,4,0.0,72.0,0.0,72.0,0.7762
1620,10864,67,20150202,4,67,4,2,14.0,15,0.0,210.0,0.0,210.0,2.2638
1621,10865,38,20150202,63,38,2,1,263.5,60,0.05,15810.0,790.5,15019.5,319.0779
1622,10865,39,20150202,63,39,2,1,18.0,80,0.05,1440.0,72.0,1368.0,29.0621
1623,10866,2,20150203,5,2,5,1,19.0,21,0.25,399.0,99.75,299.25,29.7858
1624,10866,24,20150203,5,24,5,1,4.5,6,0.25,27.0,6.75,20.25,2.0156
1625,10866,30,20150203,5,30,5,1,25.89,40,0.25,1035.6,258.9,776.7,77.3086
1626,10867,53,20150203,48,53,6,1,32.8,3,0.0,98.4,0.0,98.4,1.93
1627,10868,26,20150204,62,26,7,2,31.23,20,0.0,624.6,0.0,624.6,62.2031
1628,10868,35,20150204,62,35,7,2,18.0,30,0.0,540.0,0.0,540.0,53.7779
1629,10868,49,20150204,62,49,7,2,20.0,42,0.1,840.0,84.0,756.0,75.289
1630,10869,1,20150204,72,1,5,1,18.0,40,0.0,720.0,0.0,720.0,63.2893
1631,10869,11,20150204,72,11,5,1,21.0,10,0.0,210.0,0.0,210.0,18.4594
1632,10869,23,20150204,72,23,5,1,9.0,50,0.0,450.0,0.0,450.0,39.5558
1633,10869,68,20150204,72,68,5,1,12.5,20,0.0,250.0,0.0,250.0,21.9755
1634,10870,35,20150204,91,35,5,3,18.0,3,0.0,54.0,0.0,54.0,4.0635
1635,10870,51,20150204,91,51,5,3,53.0,2,0.0,106.0,0.0,106.0,7.9765
1636,10871,6,20150205,9,6,9,2,25.0,50,0.05,1250.0,62.5,1187.5,67.3598
1637,10871,16,20150205,9,16,9,2,17.45,12,0.05,209.4,10.47,198.93,11.2841
1638,10871,17,20150205,9,17,9,2,39.0,16,0.05,624.0,31.2,592.8,33.626
1639,10872,55,20150205,30,55,5,2,24.0,10,0.05,240.0,12.0,228.0,19.4189
1640,10872,62,20150205,30,62,5,2,49.3,20,0.05,986.0,49.3,936.7,79.7792
1641,10872,64,20150205,30,64,5,2,33.25,15,0.05,498.75,24.94,473.81,40.3546
1642,10872,65,20150205,30,65,5,2,21.05,21,0.05,442.05,22.1,419.95,35.7673
1643,10873,21,20150206,90,21,4,1,10.0,20,0.0,200.0,0.0,200.0,0.4869
1644,10873,28,20150206,90,28,4,1,45.6,3,0.0,136.8,0.0,136.8,0.3331
1645,10874,10,20150206,30,10,5,2,31.0,10,0.0,310.0,0.0,310.0,19.58
1646,10875,19,20150206,5,19,4,2,9.2,25,0.0,230.0,0.0,230.0,10.4927
1647,10875,47,20150206,5,47,4,2,9.5,21,0.1,199.5,19.95,179.55,8.1912
1648,10875,49,20150206,5,49,4,2,20.0,15,0.0,300.0,0.0,300.0,13.6861
1649,10876,46,20150209,9,46,7,3,12.0,21,0.0,252.0,0.0,252.0,16.604
1650,10876,64,20150209,9,64,7,3,33.25,20,0.0,665.0,0.0,665.0,43.816
1651,10877,16,20150209,67,16,1,1,17.45,30,0.25,523.5,130.88,392.62,7.6431
1652,10877,18,20150209,67,18,1,1,62.5,25,0.0,1562.5,0.0,1562.5,30.4169
1653,10878,20,20150210,63,20,4,1,81.0,20,0.05,1620.0,81.0,1539.0,46.69
1654,10879,40,20150210,90,40,3,3,18.4,12,0.0,220.8,0.0,220.8,3.0702
1655,10879,65,20150210,90,65,3,3,21.05,10,0.0,210.5,0.0,210.5,2.927
1656,10879,76,20150210,90,76,3,3,18.0,10,0.0,180.0,0.0,180.0,2.5029
1657,10880,23,20150210,24,23,7,1,9.0,30,0.2,270.0,54.0,216.0,12.6734
1658,10880,61,20150210,24,61,7,1,28.5,30,0.2,855.0,171.0,684.0,40.1326
1659,10880,70,20150210,24,70,7,1,15.0,50,0.2,750.0,150.0,600.0,35.204
1660,10881,73,20150211,12,73,4,1,15.0,10,0.0,150.0,0.0,150.0,2.84
1661,10882,42,20150211,71,42,4,3,14.0,25,0.0,350.0,0.0,350.0,9.0574
1662,10882,49,20150211,71,49,4,3,20.0,20,0.15,400.0,60.0,340.0,8.7986
1663,10882,54,20150211,71,54,4,3,7.45,32,0.15,238.4,35.76,202.64,5.244
1664,10883,24,20150212,48,24,8,3,4.5,8,0.0,36.0,0.0,36.0,0.53
1665,10884,21,20150212,45,21,4,2,10.0,40,0.05,400.0,20.0,380.0,25.0848
1666,10884,56,20150212,45,56,4,2,38.0,21,0.05,798.0,39.9,758.1,50.0442
1667,10884,65,20150212,45,65,4,2,21.05,12,0.05,252.6,12.63,239.97,15.841
1668,10885,2,20150212,76,2,6,3,19.0,20,0.0,380.0,0.0,380.0,1.7727
1669,10885,24,20150212,76,24,6,3,4.5,12,0.0,54.0,0.0,54.0,0.2519
1670,10885,70,20150212,76,70,6,3,15.0,30,0.0,450.0,0.0,450.0,2.0993
1671,10885,77,20150212,76,77,6,3,13.0,25,0.0,325.0,0.0,325.0,1.5161
1672,10886,10,20150213,34,10,1,1,31.0,70,0.0,2170.0,0.0,2170.0,3.4623
1673,10886,31,20150213,34,31,1,1,12.5,35,0.0,437.5,0.0,437.5,0.698
1674,10886,77,20150213,34,77,1,1,13.0,40,0.0,520.0,0.0,520.0,0.8297
1675,10887,25,20150213,29,25,8,3,14.0,5,0.0,70.0,0.0,70.0,1.25
1676,10888,2,20150216,30,2,1,2,19.0,20,0.0,380.0,0.0,380.0,32.5795
1677,10888,68,20150216,30,68,1,2,12.5,18,0.0,225.0,0.0,225.0,19.2905
1678,10889,11,20150216,65,11,9,3,21.0,40,0.0,840.0,0.0,840.0,20.7129
1679,10889,38,20150216,65,38,9,3,263.5,40,0.0,10540.0,0.0,10540.0,259.8971
1680,10890,17,20150216,18,17,7,1,39.0,15,0.0,585.0,0.0,585.0,22.2818
1681,10890,34,20150216,18,34,7,1,14.0,10,0.0,140.0,0.0,140.0,5.3324
1682,10890,41,20150216,18,41,7,1,9.65,14,0.0,135.1,0.0,135.1,5.1458
1683,10891,30,20150217,44,30,7,2,25.89,15,0.05,388.35,19.42,368.93,20.37
1684,10892,59,20150217,50,59,4,2,55.0,40,0.05,2200.0,110.0,2090.0,120.27
1685,10893,8,20150218,39,8,9,2,40.0,30,0.0,1200.0,0.0,1200.0,16.9637
1686,10893,24,20150218,39,24,9,2,4.5,10,0.0,45.0,0.0,45.0,0.6361
1687,10893,29,20150218,39,29,9,2,123.79,24,0.0,2970.96,0.0,2970.96,41.9987
1688,10893,30,20150218,39,30,9,2,25.89,35,0.0,906.15,0.0,906.15,12.8097
1689,10893,36,20150218,39,36,9,2,19.0,20,0.0,380.0,0.0,380.0,5.3718
1690,10894,13,20150218,71,13,1,1,6.0,28,0.05,168.0,8.4,159.6,6.7322
1691,10894,69,20150218,71,69,1,1,36.0,50,0.05,1800.0,90.0,1710.0,72.1304
1692,10894,75,20150218,71,75,1,1,7.75,120,0.05,930.0,46.5,883.5,37.2674
1693,10895,24,20150218,20,24,3,1,4.5,110,0.0,495.0,0.0,495.0,12.6283
1694,10895,39,20150218,20,39,3,1,18.0,45,0.0,810.0,0.0,810.0,20.6646
1695,10895,40,20150218,20,40,3,1,18.4,91,0.0,1674.4,0.0,1674.4,42.717
1696,10895,60,20150218,20,60,3,1,34.0,100,0.0,3400.0,0.0,3400.0,86.7401
1697,10896,45,20150219,50,45,7,3,9.5,15,0.0,142.5,0.0,142.5,6.1614
1698,10896,56,20150219,50,56,7,3,38.0,16,0.0,608.0,0.0,608.0,26.2886
1699,10897,29,20150219,37,29,3,2,123.79,80,0.0,9903.2,0.0,9903.2,551.6239
1700,10897,30,20150219,37,30,3,2,25.89,36,0.0,932.04,0.0,932.04,51.9161
1701,10898,13,20150220,54,13,4,2,6.0,5,0.0,30.0,0.0,30.0,1.27
1702,10899,39,20150220,46,39,5,3,18.0,8,0.15,144.0,21.6,122.4,1.21
1703,10900,70,20150220,88,70,1,2,15.0,3,0.25,45.0,11.25,33.75,1.66
1704,10901,41,20150223,35,41,4,1,9.65,30,0.0,289.5,0.0,289.5,19.2349
1705,10901,71,20150223,35,71,4,1,21.5,30,0.0,645.0,0.0,645.0,42.8551
1706,10902,55,20150223,24,55,1,1,24.0,30,0.15,720.0,108.0,612.0,31.2936
1707,10902,62,20150223,24,62,1,1,49.3,6,0.15,295.8,44.37,251.43,12.8564
1708,10903,13,20150224,34,13,3,3,6.0,40,0.0,240.0,0.0,240.0,9.4527
1709,10903,65,20150224,34,65,3,3,21.05,21,0.0,442.05,0.0,442.05,17.4107
1710,10903,68,20150224,34,68,3,3,12.5,20,0.0,250.0,0.0,250.0,9.8466
1711,10904,58,20150224,89,58,3,3,13.25,15,0.0,198.75,0.0,198.75,16.8306
1712,10904,62,20150224,89,62,3,3,49.3,35,0.0,1725.5,0.0,1725.5,146.1194
1713,10905,1,20150224,88,1,9,2,18.0,20,0.05,360.0,18.0,342.0,13.72
1714,10906,61,20150225,91,61,4,3,28.5,15,0.0,427.5,0.0,427.5,26.29
1715,10907,75,20150225,74,75,6,3,7.75,14,0.0,108.5,0.0,108.5,9.19
1716,10908,7,20150226,66,7,4,2,30.0,20,0.05,600.0,30.0,570.0,28.3324
1717,10908,52,20150226,66,52,4,2,7.0,14,0.05,98.0,4.9,93.1,4.6276
1718,10909,7,20150226,70,7,1,2,30.0,12,0.0,360.0,0.0,360.0,28.5045
1719,10909,16,20150226,70,16,1,2,17.45,15,0.0,261.75,0.0,261.75,20.7251
1720,10909,41,20150226,70,41,1,2,9.65,5,0.0,48.25,0.0,48.25,3.8204
1721,10910,19,20150226,90,19,1,3,9.2,12,0.0,110.4,0.0,110.4,9.2898
1722,10910,49,20150226,90,49,1,3,20.0,10,0.0,200.0,0.0,200.0,16.8293
1723,10910,61,20150226,90,61,1,3,28.5,5,0.0,142.5,0.0,142.5,11.9909
1724,10911,1,20150226,30,1,3,1,18.0,10,0.0,180.0,0.0,180.0,8.0119
1725,10911,17,20150226,30,17,3,1,39.0,12,0.0,468.0,0.0,468.0,20.8309
1726,10911,67,20150226,30,67,3,1,14.0,15,0.0,210.0,0.0,210.0,9.3472
1727,10912,11,20150226,37,11,2,2,21.0,40,0.25,840.0,210.0,630.0,59.0227
1728,10912,29,20150226,37,29,2,2,123.79,60,0.25,7427.4,1856.85,5570.55,521.8873
1729,10913,4,20150226,62,4,4,1,22.0,30,0.25,660.0,165.0,495.0,21.281
1730,10913,33,20150226,62,33,4,1,2.5,40,0.25,100.0,25.0,75.0,3.2244
1731,10913,58,20150226,62,58,4,1,13.25,15,0.0,198.75,0.0,198.75,8.5446
1732,10914,71,20150227,62,71,6,1,21.5,25,0.0,537.5,0.0,537.5,21.19
1733,10915,17,20150227,80,17,2,2,39.0,10,0.0,390.0,0.0,390.0,2.5373
1734,10915,33,20150227,80,33,2,2,2.5,30,0.0,75.0,0.0,75.0,0.488
1735,10915,54,20150227,80,54,2,2,7.45,10,0.0,74.5,0.0,74.5,0.4847
1736,10916,16,20150227,64,16,1,2,17.45,6,0.0,104.7,0.0,104.7,9.7229
1737,10916,32,20150227,64,32,1,2,32.0,6,0.0,192.0,0.0,192.0,17.83
1738,10916,57,20150227,64,57,1,2,19.5,20,0.0,390.0,0.0,390.0,36.2171
1739,10917,30,20150302,69,30,4,2,25.89,1,0.0,25.89,0.0,25.89,0.5866
1740,10917,60,20150302,69,60,4,2,34.0,10,0.0,340.0,0.0,340.0,7.7034
1741,10918,1,20150302,10,1,3,3,18.0,60,0.25,1080.0,270.0,810.0,27.3246
1742,10918,60,20150302,10,60,3,3,34.0,25,0.25,850.0,212.5,637.5,21.5054
1743,10919,16,20150302,47,16,2,2,17.45,24,0.0,418.8,0.0,418.8,7.3853
1744,10919,25,20150302,47,25,2,2,14.0,24,0.0,336.0,0.0,336.0,5.9252
1745,10919,40,20150302,47,40,2,2,18.4,20,0.0,368.0,0.0,368.0,6.4895
1746,10920,50,20150303,4,50,4,2,16.25,24,0.0,390.0,0.0,390.0,29.61
1747,10921,35,20150303,83,35,1,1,18.0,10,0.0,180.0,0.0,180.0,16.4083
1748,10921,63,20150303,83,63,1,1,43.9,40,0.0,1756.0,0.0,1756.0,160.0717
1749,10922,17,20150303,34,17,5,3,39.0,15,0.0,585.0,0.0,585.0,49.4315
1750,10922,24,20150303,34,24,5,3,4.5,35,0.0,157.5,0.0,157.5,13.3085
1751,10923,42,20150303,41,42,7,3,14.0,10,0.2,140.0,28.0,112.0,10.2098
1752,10923,43,20150303,41,43,7,3,46.0,10,0.2,460.0,92.0,368.0,33.5466
1753,10923,67,20150303,41,67,7,3,14.0,24,0.2,336.0,67.2,268.8,24.5036
1754,10924,10,20150304,5,10,3,2,31.0,20,0.1,620.0,62.0,558.0,46.0577
1755,10924,28,20150304,5,28,3,2,45.6,30,0.1,1368.0,136.8,1231.2,101.6241
1756,10924,75,20150304,5,75,3,2,7.75,6,0.0,46.5,0.0,46.5,3.8381
1757,10925,36,20150304,34,36,3,1,19.0,25,0.15,475.0,71.25,403.75,1.9289
1758,10925,52,20150304,34,52,3,1,7.0,12,0.15,84.0,12.6,71.4,0.3411
1759,10926,11,20150304,2,11,4,3,21.0,2,0.0,42.0,0.0,42.0,3.2594
1760,10926,13,20150304,2,13,4,3,6.0,10,0.0,60.0,0.0,60.0,4.6563
1761,10926,19,20150304,2,19,4,3,9.2,7,0.0,64.4,0.0,64.4,4.9978
1762,10926,72,20150304,2,72,4,3,34.8,10,0.0,348.0,0.0,348.0,27.0065
1763,10927,20,20150305,40,20,4,1,81.0,5,0.0,405.0,0.0,405.0,10.0187
1764,10927,52,20150305,40,52,4,1,7.0,5,0.0,35.0,0.0,35.0,0.8658
1765,10927,76,20150305,40,76,4,1,18.0,20,0.0,360.0,0.0,360.0,8.9055
1766,10928,47,20150305,29,47,1,1,9.5,5,0.0,47.5,0.0,47.5,0.4698
1767,10928,76,20150305,29,76,1,1,18.0,5,0.0,90.0,0.0,90.0,0.8902
1768,10929,21,20150305,25,21,6,1,10.0,60,0.0,600.0,0.0,600.0,17.3296
1769,10929,75,20150305,25,75,6,1,7.75,49,0.0,379.75,0.0,379.75,10.9682
1770,10929,77,20150305,25,77,6,1,13.0,15,0.0,195.0,0.0,195.0,5.6321
1771,10930,21,20150306,76,21,4,3,10.0,36,0.0,360.0,0.0,360.0,2.4819
1772,10930,27,20150306,76,27,4,3,43.9,25,0.0,1097.5,0.0,1097.5,7.5664
1773,10930,55,20150306,76,55,4,3,24.0,25,0.2,600.0,120.0,480.0,3.3092
1774,10930,58,20150306,76,58,4,3,13.25,30,0.2,397.5,79.5,318.0,2.1924
1775,10931,13,20150306,68,13,4,2,6.0,42,0.15,252.0,37.8,214.2,3.645
1776,10931,57,20150306,68,57,4,2,19.5,30,0.0,585.0,0.0,585.0,9.955
1777,10932,16,20150306,9,16,8,1,17.45,30,0.1,523.5,52.35,471.15,35.466
1778,10932,62,20150306,9,62,8,1,49.3,14,0.1,690.2,69.02,621.18,46.7596
1779,10932,72,20150306,9,72,8,1,34.8,16,0.0,556.8,0.0,556.8,41.9134
1780,10932,75,20150306,9,75,8,1,7.75,20,0.1,155.0,15.5,139.5,10.5009
1781,10933,53,20150306,38,53,6,3,32.8,2,0.0,65.6,0.0,65.6,3.8586
1782,10933,61,20150306,38,61,6,3,28.5,30,0.0,855.0,0.0,855.0,50.2914
1783,10934,6,20150309,44,6,3,3,25.0,20,0.0,500.0,0.0,500.0,32.01
1784,10935,1,20150309,88,1,4,3,18.0,21,0.0,378.0,0.0,378.0,29.038
1785,10935,18,20150309,88,18,4,3,62.5,4,0.25,250.0,62.5,187.5,14.4038
1786,10935,23,20150309,88,23,4,3,9.0,8,0.25,72.0,18.0,54.0,4.1483
1787,10936,36,20150309,32,36,3,2,19.0,30,0.2,570.0,114.0,456.0,33.68
1788,10937,28,20150310,12,28,7,3,45.6,8,0.0,364.8,0.0,364.8,17.827
1789,10937,34,20150310,12,34,7,3,14.0,20,0.0,280.0,0.0,280.0,13.683
1790,10938,13,20150310,63,13,3,2,6.0,20,0.25,120.0,30.0,90.0,1.0506
1791,10938,43,20150310,63,43,3,2,46.0,24,0.25,1104.0,276.0,828.0,9.6655
1792,10938,60,20150310,63,60,3,2,34.0,49,0.25,1666.0,416.5,1249.5,14.5858
1793,10938,71,20150310,63,71,3,2,21.5,35,0.25,752.5,188.12,564.38,6.5882
1794,10939,2,20150310,49,2,2,2,19.0,10,0.15,190.0,28.5,161.5,19.3369
1795,10939,67,20150310,49,67,2,2,14.0,40,0.15,560.0,84.0,476.0,56.9931
1796,10940,7,20150311,9,7,8,3,30.0,8,0.0,240.0,0.0,240.0,13.18
1797,10940,13,20150311,9,13,8,3,6.0,20,0.0,120.0,0.0,120.0,6.59
1798,10941,31,20150311,71,31,7,2,12.5,44,0.25,550.0,137.5,412.5,41.2125
1799,10941,62,20150311,71,62,7,2,49.3,30,0.25,1479.0,369.75,1109.25,110.8241
1800,10941,68,20150311,71,68,7,2,12.5,80,0.25,1000.0,250.0,750.0,74.9318
1801,10941,72,20150311,71,72,7,2,34.8,50,0.0,1740.0,0.0,1740.0,173.8417
1802,10942,49,20150311,66,49,9,3,20.0,28,0.0,560.0,0.0,560.0,17.95
1803,10943,13,20150311,11,13,4,2,6.0,15,0.0,90.0,0.0,90.0,0.2747
1804,10943,22,20150311,11,22,4,2,21.0,21,0.0,441.0,0.0,441.0,1.3459
1805,10943,46,20150311,11,46,4,2,12.0,15,0.0,180.0,0.0,180.0,0.5494
1806,10944,11,20150312,10,11,6,3,21.0,5,0.25,105.0,26.25,78.75,4.0645
1807,10944,44,20150312,10,44,6,3,19.45,18,0.25,350.1,87.52,262.58,13.5525
1808,10944,56,20150312,10,56,6,3,38.0,18,0.0,684.0,0.0,684.0,35.3031
1809,10945,13,20150312,52,13,4,1,6.0,20,0.0,120.0,0.0,120.0,5.0057
1810,10945,31,20150312,52,31,4,1,12.5,10,0.0,125.0,0.0,125.0,5.2143
1811,10946,10,20150312,83,10,1,2,31.0,25,0.0,775.0,0.0,775.0,14.9769
1812,10946,24,20150312,83,24,1,2,4.5,25,0.0,112.5,0.0,112.5,2.1741
1813,10946,77,20150312,83,77,1,2,13.0,40,0.0,520.0,0.0,520.0,10.049
1814,10947,59,20150313,11,59,3,2,55.0,4,0.0,220.0,0.0,220.0,3.26
1815,10948,50,20150313,30,50,3,3,16.25,9,0.0,146.25,0.0,146.25,1.4481
1816,10948,51,20150313,30,51,3,3,53.0,40,0.0,2120.0,0.0,2120.0,20.9913
1817,10948,55,20150313,30,55,3,3,24.0,4,0.0,96.0,0.0,96.0,0.9506
1818,10949,6,20150313,10,6,2,3,25.0,12,0.0,300.0,0.0,300.0,5.0502
1819,10949,10,20150313,10,10,2,3,31.0,30,0.0,930.0,0.0,930.0,15.6556
1820,10949,17,20150313,10,17,2,3,39.0,6,0.0,234.0,0.0,234.0,3.9392
1821,10949,62,20150313,10,62,2,3,49.3,60,0.0,2958.0,0.0,2958.0,49.795
1822,10950,4,20150316,49,4,1,2,22.0,5,0.0,110.0,0.0,110.0,2.5
1823,10951,33,20150316,68,33,9,2,2.5,15,0.05,37.5,1.88,35.62,2.3954
1824,10951,41,20150316,68,41,9,2,9.65,6,0.05,57.9,2.9,55.0,3.6987
1825,10951,75,20150316,68,75,9,2,7.75,50,0.05,387.5,19.38,368.12,24.7559
1826,10952,6,20150316,1,6,1,1,25.0,16,0.05,400.0,20.0,380.0,32.5968
1827,10952,28,20150316,1,28,1,1,45.6,2,0.0,91.2,0.0,91.2,7.8232
1828,10953,20,20150316,4,20,9,2,81.0,50,0.05,4050.0,202.5,3847.5,20.5489
1829,10953,31,20150316,4,31,9,2,12.5,50,0.05,625.0,31.25,593.75,3.1711
1830,10954,16,20150317,47,16,5,1,17.45,28,0.15,488.6,73.29,415.31,6.9847
1831,10954,31,20150317,47,31,5,1,12.5,25,0.15,312.5,46.88,265.62,4.4672
1832,10954,45,20150317,47,45,5,1,9.5,30,0.0,285.0,0.0,285.0,4.7931
1833,10954,60,20150317,47,60,5,1,34.0,24,0.15,816.0,122.4,693.6,11.665
1834,10955,75,20150317,24,75,8,2,7.75,12,0.2,93.0,18.6,74.4,3.26
1835,10956,21,20150317,6,21,6,2,10.0,12,0.0,120.0,0.0,120.0,7.9143
1836,10956,47,20150317,6,47,6,2,9.5,14,0.0,133.0,0.0,133.0,8.7717
1837,10956,51,20150317,6,51,6,2,53.0,8,0.0,424.0,0.0,424.0,27.964
1838,10957,30,20150318,35,30,8,3,25.89,30,0.0,776.7,0.0,776.7,46.4249
1839,10957,35,20150318,35,35,8,3,18.0,40,0.0,720.0,0.0,720.0,43.0358
1840,10957,64,20150318,35,64,8,3,33.25,8,0.0,266.0,0.0,266.0,15.8993
1841,10958,5,20150318,54,5,7,2,21.35,20,0.0,427.0,0.0,427.0,27.0962
1842,10958,7,20150318,54,7,7,2,30.0,6,0.0,180.0,0.0,180.0,11.4223
1843,10958,72,20150318,54,72,7,2,34.8,5,0.0,174.0,0.0,174.0,11.0415
1844,10959,75,20150318,31,75,6,2,7.75,20,0.15,155.0,23.25,131.75,4.98
1845,10960,24,20150319,35,24,3,1,4.5,10,0.25,45.0,11.25,33.75,0.2646
1846,10960,41,20150319,35,41,3,1,9.65,24,0.0,231.6,0.0,231.6,1.8154
1847,10961,52,20150319,62,52,8,1,7.0,6,0.05,42.0,2.1,39.9,3.7221
1848,10961,76,20150319,62,76,8,1,18.0,60,0.0,1080.0,0.0,1080.0,100.7479
1849,10962,7,20150319,63,7,8,2,30.0,45,0.0,1350.0,0.0,1350.0,103.883
1850,10962,13,20150319,63,13,8,2,6.0,77,0.0,462.0,0.0,462.0,35.5511
1851,10962,53,20150319,63,53,8,2,32.8,20,0.0,656.0,0.0,656.0,50.4794
1852,10962,69,20150319,63,69,8,2,36.0,9,0.0,324.0,0.0,324.0,24.9319
1853,10962,76,20150319,63,76,8,2,18.0,44,0.0,792.0,0.0,792.0,60.9447
1854,10963,60,20150319,28,60,9,3,34.0,2,0.15,68.0,10.2,57.8,2.7
1855,10964,18,20150320,74,18,3,2,62.5,6,0.0,375.0,0.0,375.0,15.9647
1856,10964,38,20150320,74,38,3,2,263.5,5,0.0,1317.5,0.0,1317.5,56.0892
1857,10964,69,20150320,74,69,3,2,36.0,10,0.0,360.0,0.0,360.0,15.3261
1858,10965,51,20150320,55,51,6,3,53.0,16,0.0,848.0,0.0,848.0,144.38
1859,10966,37,20150320,14,37,4,1,26.0,8,0.0,208.0,0.0,208.0,5.1486
1860,10966,56,20150320,14,56,4,1,38.0,12,0.15,456.0,68.4,387.6,9.5942
1861,10966,62,20150320,14,62,4,1,49.3,12,0.15,591.6,88.74,502.86,12.4472
1862,10967,19,20150323,79,19,2,2,9.2,12,0.0,110.4,0.0,110.4,7.5451
1863,10967,49,20150323,79,49,2,2,20.0,40,0.0,800.0,0.0,800.0,54.6749
1864,10968,12,20150323,20,12,1,3,38.0,30,0.0,1140.0,0.0,1140.0,60.4006
1865,10968,24,20150323,20,24,1,3,4.5,30,0.0,135.0,0.0,135.0,7.1527
1866,10968,64,20150323,20,64,1,3,33.25,4,0.0,133.0,0.0,133.0,7.0467
1867,10969,46,20150323,15,46,1,2,12.0,9,0.0,108.0,0.0,108.0,0.21
1868,10970,52,20150324,8,52,9,1,7.0,40,0.2,280.0,56.0,224.0,16.16
1869,10971,29,20150324,26,29,2,2,123.79,14,0.0,1733.06,0.0,1733.06,121.82
1870,10972,17,20150324,40,17,4,2,39.0,6,0.0,234.0,0.0,234.0,0.0186
1871,10972,33,20150324,40,33,4,2,2.5,7,0.0,17.5,0.0,17.5,0.0014
1872,10973,26,20150324,40,26,6,2,31.23,5,0.0,156.15,0.0,156.15,8.1248
1873,10973,41,20150324,40,41,6,2,9.65,6,0.0,57.9,0.0,57.9,3.0127
1874,10973,75,20150324,40,75,6,2,7.75,10,0.0,77.5,0.0,77.5,4.0325
1875,10974,63,20150325,75,63,3,3,43.9,10,0.0,439.0,0.0,439.0,12.96
1876,10975,8,20150325,10,8,1,3,40.0,16,0.0,640.0,0.0,640.0,28.7844
1877,10975,75,20150325,10,75,1,3,7.75,10,0.0,77.5,0.0,77.5,3.4856
1878,10976,28,20150325,35,28,1,1,45.6,20,0.0,912.0,0.0,912.0,37.97
1879,10977,39,20150326,24,39,8,3,18.0,30,0.0,540.0,0.0,540.0,50.421
1880,10977,47,20150326,24,47,8,3,9.5,30,0.0,285.0,0.0,285.0,26.6111
1881,10977,51,20150326,24,51,8,3,53.0,10,0.0,530.0,0.0,530.0,49.4872
1882,10977,63,20150326,24,63,8,3,43.9,20,0.0,878.0,0.0,878.0,81.9807
1883,10978,8,20150326,50,8,9,2,40.0,20,0.15,800.0,120.0,680.0,17.1252
1884,10978,21,20150326,50,21,9,2,10.0,40,0.15,400.0,60.0,340.0,8.5626
1885,10978,40,20150326,50,40,9,2,18.4,10,0.0,184.0,0.0,184.0,4.6339
1886,10978,44,20150326,50,44,9,2,19.45,6,0.15,116.7,17.5,99.2,2.4983
1887,10979,7,20150326,20,7,8,2,30.0,18,0.0,540.0,0.0,540.0,39.609
1888,10979,12,20150326,20,12,8,2,38.0,20,0.0,760.0,0.0,760.0,55.746
1889,10979,24,20150326,20,24,8,2,4.5,80,0.0,360.0,0.0,360.0,26.406
1890,10979,27,20150326,20,27,8,2,43.9,30,0.0,1317.0,0.0,1317.0,96.6019
1891,10979,31,20150326,20,31,8,2,12.5,24,0.0,300.0,0.0,300.0,22.005
1892,10979,63,20150326,20,63,8,2,43.9,35,0.0,1536.5,0.0,1536.5,112.7022
1893,10980,75,20150327,24,75,4,1,7.75,40,0.2,310.0,62.0,248.0,1.26
1894,10981,38,20150327,34,38,1,2,263.5,60,0.0,15810.0,0.0,15810.0,193.37
1895,10982,7,20150327,10,7,2,1,30.0,20,0.0,600.0,0.0,600.0,8.2899
1896,10982,43,20150327,10,43,2,1,46.0,9,0.0,414.0,0.0,414.0,5.7201
1897,10983,13,20150327,71,13,2,2,6.0,84,0.15,504.0,75.6,428.4,390.7479
1898,10983,57,20150327,71,57,2,2,19.5,15,0.0,292.5,0.0,292.5,266.7921
1899,10984,16,20150330,71,16,1,3,17.45,55,0.0,959.75,0.0,959.75,112.0146
1900,10984,24,20150330,71,24,1,3,4.5,20,0.0,90.0,0.0,90.0,10.5041
1901,10984,36,20150330,71,36,1,3,19.0,40,0.0,760.0,0.0,760.0,88.7013
1902,10985,16,20150330,37,16,2,1,17.45,36,0.1,628.2,62.82,565.38,25.57
1903,10985,18,20150330,37,18,2,1,62.5,8,0.1,500.0,50.0,450.0,20.3518
1904,10985,32,20150330,37,32,2,1,32.0,35,0.1,1120.0,112.0,1008.0,45.5881
1905,10986,11,20150330,54,11,8,2,21.0,30,0.0,630.0,0.0,630.0,61.8251
1906,10986,20,20150330,54,20,8,2,81.0,15,0.0,1215.0,0.0,1215.0,119.2342
1907,10986,76,20150330,54,76,8,2,18.0,10,0.0,180.0,0.0,180.0,17.6643
1908,10986,77,20150330,54,77,8,2,13.0,15,0.0,195.0,0.0,195.0,19.1364
1909,10987,7,20150331,19,7,8,1,30.0,60,0.0,1800.0,0.0,1800.0,120.4416
1910,10987,43,20150331,19,43,8,1,46.0,6,0.0,276.0,0.0,276.0,18.4677
1911,10987,72,20150331,19,72,8,1,34.8,20,0.0,696.0,0.0,696.0,46.5707
1912,10988,7,20150331,65,7,3,2,30.0,60,0.0,1800.0,0.0,1800.0,30.7855
1913,10988,62,20150331,65,62,3,2,49.3,40,0.1,1972.0,197.2,1774.8,30.3545
1914,10989,6,20150331,61,6,2,1,25.0,40,0.0,1000.0,0.0,1000.0,25.6797
1915,10989,11,20150331,61,11,2,1,21.0,15,0.0,315.0,0.0,315.0,8.0891
1916,10989,41,20150331,61,41,2,1,9.65,4,0.0,38.6,0.0,38.6,0.9912
1917,10990,21,20150401,20,21,2,3,10.0,65,0.0,650.0,0.0,650.0,17.8245
1918,10990,34,20150401,20,34,2,3,14.0,60,0.15,840.0,126.0,714.0,19.5795
1919,10990,55,20150401,20,55,2,3,24.0,65,0.15,1560.0,234.0,1326.0,36.3619
1920,10990,61,20150401,20,61,2,3,28.5,66,0.15,1881.0,282.15,1598.85,43.8441
1921,10991,2,20150401,63,2,1,1,19.0,50,0.2,950.0,190.0,760.0,12.7472
1922,10991,70,20150401,63,70,1,1,15.0,20,0.2,300.0,60.0,240.0,4.0254
1923,10991,76,20150401,63,76,1,1,18.0,90,0.2,1620.0,324.0,1296.0,21.7374
1924,10992,72,20150401,77,72,1,3,34.8,2,0.0,69.6,0.0,69.6,4.27
1925,10993,29,20150401,24,29,7,3,123.79,50,0.25,6189.5,1547.38,4642.12,8.3541
1926,10993,41,20150401,24,41,7,3,9.65,35,0.25,337.75,84.44,253.31,0.4559
1927,10994,59,20150402,83,59,2,3,55.0,18,0.05,990.0,49.5,940.5,65.53
1928,10995,51,20150402,58,51,1,3,53.0,20,0.0,1060.0,0.0,1060.0,40.7692
1929,10995,60,20150402,58,60,1,3,34.0,4,0.0,136.0,0.0,136.0,5.2308
1930,10996,42,20150402,63,42,4,2,14.0,40,0.0,560.0,0.0,560.0,1.12
1931,10997,32,20150403,46,32,8,2,32.0,50,0.0,1600.0,0.0,1600.0,62.7353
1932,10997,46,20150403,46,46,8,2,12.0,20,0.25,240.0,60.0,180.0,7.0577
1933,10997,52,20150403,46,52,8,2,7.0,20,0.25,140.0,35.0,105.0,4.117
1934,10998,24,20150403,91,24,8,2,4.5,12,0.0,54.0,0.0,54.0,1.5987
1935,10998,61,20150403,91,61,8,2,28.5,7,0.0,199.5,0.0,199.5,5.9065
1936,10998,74,20150403,91,74,8,2,10.0,20,0.0,200.0,0.0,200.0,5.9213
1937,10998,75,20150403,91,75,8,2,7.75,30,0.0,232.5,0.0,232.5,6.8835
1938,10999,41,20150403,56,41,6,2,9.65,20,0.05,193.0,9.65,183.35,14.7467
1939,10999,51,20150403,56,51,6,2,53.0,15,0.05,795.0,39.75,755.25,60.7441
1940,10999,77,20150403,56,77,6,2,13.0,21,0.05,273.0,13.65,259.35,20.8593
1941,11000,4,20150406,65,4,2,3,22.0,25,0.25,550.0,137.5,412.5,25.1585
1942,11000,24,20150406,65,24,2,3,4.5,30,0.25,135.0,33.75,101.25,6.1753
1943,11000,77,20150406,65,77,2,3,13.0,30,0.0,390.0,0.0,390.0,23.7862
1944,11001,7,20150406,24,7,2,2,30.0,60,0.0,1800.0,0.0,1800.0,128.2557
1945,11001,22,20150406,24,22,2,2,21.0,25,0.0,525.0,0.0,525.0,37.4079
1946,11001,46,20150406,24,46,2,2,12.0,25,0.0,300.0,0.0,300.0,21.3759
1947,11001,55,20150406,24,55,2,2,24.0,6,0.0,144.0,0.0,144.0,10.2605
1948,11002,13,20150406,71,13,4,1,6.0,56,0.0,336.0,0.0,336.0,26.1884
1949,11002,35,20150406,71,35,4,1,18.0,15,0.15,270.0,40.5,229.5,17.8876
1950,11002,42,20150406,71,42,4,1,14.0,24,0.15,336.0,50.4,285.6,22.2601
1951,11002,55,20150406,71,55,4,1,24.0,40,0.0,960.0,0.0,960.0,74.8239
1952,11003,1,20150406,78,1,3,3,18.0,4,0.0,72.0,0.0,72.0,3.293
1953,11003,40,20150406,78,40,3,3,18.4,10,0.0,184.0,0.0,184.0,8.4155
1954,11003,52,20150406,78,52,3,3,7.0,10,0.0,70.0,0.0,70.0,3.2015
1955,11004,26,20150407,50,26,3,1,31.23,6,0.0,187.38,0.0,187.38,28.4451
1956,11004,76,20150407,50,76,3,1,18.0,6,0.0,108.0,0.0,108.0,16.3949
1957,11005,1,20150407,90,1,2,1,18.0,2,0.0,36.0,0.0,36.0,0.0461
1958,11005,59,20150407,90,59,2,1,55.0,10,0.0,550.0,0.0,550.0,0.7039
1959,11006,1,20150407,32,1,3,2,18.0,8,0.0,144.0,0.0,144.0,11.0027
1960,11006,29,20150407,32,29,3,2,123.79,2,0.25,247.58,61.9,185.68,14.1873
1961,11007,8,20150408,60,8,8,2,40.0,30,0.0,1200.0,0.0,1200.0,92.1402
1962,11007,29,20150408,60,29,8,2,123.79,10,0.0,1237.9,0.0,1237.9,95.0503
1963,11007,42,20150408,60,42,8,2,14.0,14,0.0,196.0,0.0,196.0,15.0496
1964,11008,28,20150408,20,28,7,3,45.6,70,0.05,3192.0,159.6,3032.4,51.4761
1965,11008,34,20150408,20,34,7,3,14.0,90,0.05,1260.0,63.0,1197.0,20.3195
1966,11008,71,20150408,20,71,7,3,21.5,21,0.0,451.5,0.0,451.5,7.6644
1967,11009,24,20150408,30,24,2,1,4.5,12,0.0,54.0,0.0,54.0,5.1775
1968,11009,36,20150408,30,36,2,1,19.0,18,0.25,342.0,85.5,256.5,24.5932
1969,11009,60,20150408,30,60,2,1,34.0,9,0.0,306.0,0.0,306.0,29.3393
1970,11010,7,20150409,66,7,2,2,30.0,20,0.0,600.0,0.0,600.0,26.707
1971,11010,24,20150409,66,24,2,2,4.5,10,0.0,45.0,0.0,45.0,2.003
1972,11011,58,20150409,1,58,3,1,13.25,40,0.05,530.0,26.5,503.5,0.6526
1973,11011,71,20150409,1,71,3,1,21.5,20,0.0,430.0,0.0,430.0,0.5574
1974,11012,19,20150409,25,19,1,3,9.2,50,0.05,460.0,23.0,437.0,37.578
1975,11012,60,20150409,25,60,1,3,34.0,36,0.05,1224.0,61.2,1162.8,99.9902
1976,11012,71,20150409,25,71,1,3,21.5,60,0.05,1290.0,64.5,1225.5,105.3818
1977,11013,23,20150409,69,23,2,1,9.0,10,0.0,90.0,0.0,90.0,8.2247
1978,11013,42,20150409,69,42,2,1,14.0,4,0.0,56.0,0.0,56.0,5.1176
1979,11013,45,20150409,69,45,2,1,9.5,20,0.0,190.0,0.0,190.0,17.3632
1980,11013,68,20150409,69,68,2,1,12.5,2,0.0,25.0,0.0,25.0,2.2846
1981,11014,41,20150410,47,41,2,3,9.65,28,0.1,270.2,27.02,243.18,23.6
1982,11015,30,20150410,70,30,2,2,25.89,15,0.0,388.35,0.0,388.35,2.8829
1983,11015,77,20150410,70,77,2,2,13.0,18,0.0,234.0,0.0,234.0,1.7371
1984,11016,31,20150410,4,31,9,2,12.5,15,0.0,187.5,0.0,187.5,12.8942
1985,11016,36,20150410,4,36,9,2,19.0,16,0.0,304.0,0.0,304.0,20.9058
1986,11017,3,20150413,20,3,9,2,10.0,25,0.0,250.0,0.0,250.0,27.9356
1987,11017,59,20150413,20,59,9,2,55.0,110,0.0,6050.0,0.0,6050.0,676.0404
1988,11017,70,20150413,20,70,9,2,15.0,30,0.0,450.0,0.0,450.0,50.284
1989,11018,12,20150413,48,12,4,2,38.0,20,0.0,760.0,0.0,760.0,5.6216
1990,11018,18,20150413,48,18,4,2,62.5,10,0.0,625.0,0.0,625.0,4.623
1991,11018,56,20150413,48,56,4,2,38.0,5,0.0,190.0,0.0,190.0,1.4054
1992,11019,46,20150413,64,46,6,3,12.0,3,0.0,36.0,0.0,36.0,1.5016
1993,11019,49,20150413,64,49,6,3,20.0,2,0.0,40.0,0.0,40.0,1.6684
1994,11020,10,20150414,56,10,2,2,31.0,24,0.15,744.0,111.6,632.4,43.3
1995,11021,2,20150414,63,2,3,1,19.0,11,0.25,209.0,52.25,156.75,7.3868
1996,11021,20,20150414,63,20,3,1,81.0,15,0.0,1215.0,0.0,1215.0,57.2566
1997,11021,26,20150414,63,26,3,1,31.23,63,0.0,1967.49,0.0,1967.49,92.7175
1998,11021,51,20150414,63,51,3,1,53.0,44,0.25,2332.0,583.0,1749.0,82.4212
1999,11021,72,20150414,63,72,3,1,34.8,35,0.0,1218.0,0.0,1218.0,57.3979
2000,11022,19,20150414,34,19,9,2,9.2,35,0.0,322.0,0.0,322.0,1.44
2001,11022,69,20150414,34,69,9,2,36.0,30,0.0,1080.0,0.0,1080.0,4.83
2002,11023,7,20150414,11,7,1,2,30.0,4,0.0,120.0,0.0,120.0,9.9064
2003,11023,43,20150414,11,43,1,2,46.0,30,0.0,1380.0,0.0,1380.0,113.9236
2004,11024,26,20150415,19,26,4,1,31.23,12,0.0,374.76,0.0,374.76,14.1687
2005,11024,33,20150415,19,33,4,1,2.5,30,0.0,75.0,0.0,75.0,2.8356
2006,11024,65,20150415,19,65,4,1,21.05,21,0.0,442.05,0.0,442.05,16.7128
2007,11024,71,20150415,19,71,4,1,21.5,50,0.0,1075.0,0.0,1075.0,40.643
2008,11025,1,20150415,87,1,6,3,18.0,10,0.1,180.0,18.0,162.0,17.502
2009,11025,13,20150415,87,13,6,3,6.0,20,0.1,120.0,12.0,108.0,11.668
2010,11026,18,20150415,27,18,4,1,62.5,8,0.0,500.0,0.0,500.0,22.8592
2011,11026,51,20150415,27,51,4,1,53.0,10,0.0,530.0,0.0,530.0,24.2308
2012,11027,24,20150416,10,24,1,1,4.5,30,0.25,135.0,33.75,101.25,6.0584
2013,11027,62,20150416,10,62,1,1,49.3,21,0.25,1035.3,258.82,776.48,46.4616
2014,11028,55,20150416,39,55,2,1,24.0,35,0.0,840.0,0.0,840.0,11.5072
2015,11028,59,20150416,39,59,2,1,55.0,24,0.0,1320.0,0.0,1320.0,18.0828
2016,11029,56,20150416,14,56,4,1,38.0,20,0.0,760.0,0.0,760.0,28.2549
2017,11029,63,20150416,14,63,4,1,43.9,12,0.0,526.8,0.0,526.8,19.5851
2018,11030,2,20150417,71,2,7,2,19.0,100,0.25,1900.0,475.0,1425.0,93.8418
2019,11030,5,20150417,71,5,7,2,21.35,70,0.0,1494.5,0.0,1494.5,98.4186
2020,11030,29,20150417,71,29,7,2,123.79,60,0.25,7427.4,1856.85,5570.55,366.8423
2021,11030,59,20150417,71,59,7,2,55.0,100,0.25,5500.0,1375.0,4125.0,271.6473
2022,11031,1,20150417,71,1,6,2,18.0,45,0.0,810.0,0.0,810.0,76.895
2023,11031,13,20150417,71,13,6,2,6.0,80,0.0,480.0,0.0,480.0,45.5674
2024,11031,24,20150417,71,24,6,2,4.5,21,0.0,94.5,0.0,94.5,8.9711
2025,11031,64,20150417,71,64,6,2,33.25,20,0.0,665.0,0.0,665.0,63.1299
2026,11031,71,20150417,71,71,6,2,21.5,16,0.0,344.0,0.0,344.0,32.6566
2027,11032,36,20150417,89,36,2,3,19.0,35,0.0,665.0,0.0,665.0,45.2813
2028,11032,38,20150417,89,38,2,3,263.5,25,0.0,6587.5,0.0,6587.5,448.5568
2029,11032,59,20150417,89,59,2,3,55.0,30,0.0,1650.0,0.0,1650.0,112.352
2030,11033,53,20150417,68,53,7,3,32.8,70,0.1,2296.0,229.6,2066.4,54.1657
2031,11033,69,20150417,68,69,7,3,36.0,36,0.1,1296.0,129.6,1166.4,30.5743
2032,11034,21,20150420,55,21,8,1,10.0,15,0.1,150.0,15.0,135.0,10.0912
2033,11034,44,20150420,55,44,8,1,19.45,12,0.0,233.4,0.0,233.4,17.4466
2034,11034,61,20150420,55,61,8,1,28.5,6,0.0,171.0,0.0,171.0,12.7822
2035,11035,1,20150420,76,1,2,2,18.0,10,0.0,180.0,0.0,180.0,0.0174
2036,11035,35,20150420,76,35,2,2,18.0,60,0.0,1080.0,0.0,1080.0,0.1046
2037,11035,42,20150420,76,42,2,2,14.0,30,0.0,420.0,0.0,420.0,0.0407
2038,11035,54,20150420,76,54,2,2,7.45,10,0.0,74.5,0.0,74.5,0.0072
2039,11036,13,20150420,17,13,8,3,6.0,7,0.0,42.0,0.0,42.0,3.7102
2040,11036,59,20150420,17,59,8,3,55.0,30,0.0,1650.0,0.0,1650.0,145.7598
2041,11037,70,20150421,30,70,7,1,15.0,4,0.0,60.0,0.0,60.0,3.2
2042,11038,40,20150421,76,40,1,2,18.4,5,0.2,92.0,18.4,73.6,2.9727
2043,11038,52,20150421,76,52,1,2,7.0,2,0.0,14.0,0.0,14.0,0.5655
2044,11038,71,20150421,76,71,1,2,21.5,30,0.0,645.0,0.0,645.0,26.0518
2045,11039,28,20150421,47,28,1,2,45.6,20,0.0,912.0,0.0,912.0,19.1845
2046,11039,35,20150421,47,35,1,2,18.0,24,0.0,432.0,0.0,432.0,9.0874
2047,11039,49,20150421,47,49,1,2,20.0,60,0.0,1200.0,0.0,1200.0,25.2427
2048,11039,57,20150421,47,57,1,2,19.5,28,0.0,546.0,0.0,546.0,11.4854
2049,11040,21,20150422,32,21,4,3,10.0,20,0.0,200.0,0.0,200.0,18.84
2050,11041,2,20150422,14,2,3,2,19.0,30,0.2,570.0,114.0,456.0,12.4018
2051,11041,63,20150422,14,63,3,2,43.9,30,0.0,1317.0,0.0,1317.0,35.8182
2052,11042,44,20150422,15,44,2,1,19.45,15,0.0,291.75,0.0,291.75,21.564
2053,11042,61,20150422,15,61,2,1,28.5,4,0.0,114.0,0.0,114.0,8.426
2054,11043,11,20150422,74,11,5,2,21.0,10,0.0,210.0,0.0,210.0,8.8
2055,11044,62,20150423,91,62,4,1,49.3,12,0.0,591.6,0.0,591.6,8.72
2056,11045,33,20150423,10,33,6,2,2.5,15,0.0,37.5,0.0,37.5,2.0212
2057,11045,51,20150423,10,51,6,2,53.0,24,0.0,1272.0,0.0,1272.0,68.5588
2058,11046,12,20150423,86,12,8,2,38.0,20,0.05,760.0,38.0,722.0,34.8123
2059,11046,32,20150423,86,32,8,2,32.0,15,0.05,480.0,24.0,456.0,21.9867
2060,11046,35,20150423,86,35,8,2,18.0,18,0.05,324.0,16.2,307.8,14.841
2061,11047,1,20150424,19,1,7,3,18.0,25,0.25,450.0,112.5,337.5,19.2378
2062,11047,5,20150424,19,5,7,3,21.35,30,0.25,640.5,160.12,480.38,27.3822
2063,11048,68,20150424,10,68,7,3,12.5,42,0.0,525.0,0.0,525.0,24.12
2064,11049,2,20150424,31,2,3,1,19.0,10,0.2,190.0,38.0,152.0,4.6333
2065,11049,12,20150424,31,12,3,1,38.0,4,0.2,152.0,30.4,121.6,3.7067
2066,11050,76,20150427,24,76,8,2,18.0,50,0.1,900.0,90.0,810.0,59.41
2067,11051,24,20150427,41,24,7,3,4.5,10,0.2,45.0,9.0,36.0,2.79
2068,11052,43,20150427,34,43,3,1,46.0,30,0.2,1380.0,276.0,1104.0,55.747
2069,11052,61,20150427,34,61,3,1,28.5,10,0.2,285.0,57.0,228.0,11.513
2070,11053,18,20150427,59,18,2,2,62.5,35,0.2,2187.5,437.5,1750.0,30.3887
2071,11053,32,20150427,59,32,2,2,32.0,20,0.0,640.0,0.0,640.0,11.1136
2072,11053,64,20150427,59,64,2,2,33.25,25,0.2,831.25,166.25,665.0,11.5477
2073,11054,33,20150428,12,33,8,1,2.5,10,0.0,25.0,0.0,25.0,0.027
2074,11054,67,20150428,12,67,8,1,14.0,20,0.0,280.0,0.0,280.0,0.303
2075,11055,24,20150428,35,24,7,2,4.5,15,0.0,67.5,0.0,67.5,4.7248
2076,11055,25,20150428,35,25,7,2,14.0,15,0.0,210.0,0.0,210.0,14.6994
2077,11055,51,20150428,35,51,7,2,53.0,20,0.0,1060.0,0.0,1060.0,74.1969
2078,11055,57,20150428,35,57,7,2,19.5,20,0.0,390.0,0.0,390.0,27.2989
2079,11056,7,20150428,19,7,8,2,30.0,40,0.0,1200.0,0.0,1200.0,89.5059
2080,11056,55,20150428,19,55,8,2,24.0,35,0.0,840.0,0.0,840.0,62.6541
2081,11056,60,20150428,19,60,8,2,34.0,50,0.0,1700.0,0.0,1700.0,126.8
2082,11057,70,20150429,53,70,3,3,15.0,3,0.0,45.0,0.0,45.0,4.13
2083,11058,21,20150429,6,21,9,3,10.0,3,0.0,30.0,0.0,30.0,1.0888
2084,11058,60,20150429,6,60,9,3,34.0,21,0.0,714.0,0.0,714.0,25.9137
2085,11058,61,20150429,6,61,9,3,28.5,4,0.0,114.0,0.0,114.0,4.1375
2086,11059,13,20150429,67,13,2,2,6.0,30,0.0,180.0,0.0,180.0,8.4026
2087,11059,17,20150429,67,17,2,2,39.0,12,0.0,468.0,0.0,468.0,21.8468
2088,11059,60,20150429,67,60,2,2,34.0,35,0.0,1190.0,0.0,1190.0,55.5506
2089,11060,60,20150430,27,60,2,2,34.0,4,0.0,136.0,0.0,136.0,5.6138
2090,11060,77,20150430,27,77,2,2,13.0,10,0.0,130.0,0.0,130.0,5.3662
2091,11061,60,20150430,32,60,4,3,34.0,15,0.0,510.0,0.0,510.0,14.01
2092,11062,53,20150430,66,53,4,2,32.8,10,0.2,328.0,65.6,262.4,19.3249
2093,11062,70,20150430,66,70,4,2,15.0,12,0.2,180.0,36.0,144.0,10.6051
2094,11063,34,20150430,37,34,3,2,14.0,30,0.0,420.0,0.0,420.0,25.5606
2095,11063,40,20150430,37,40,3,2,18.4,40,0.1,736.0,73.6,662.4,40.3127
2096,11063,41,20150430,37,41,3,2,9.65,30,0.1,289.5,28.95,260.55,15.8567
2097,11064,17,20150501,71,17,1,1,39.0,77,0.1,3003.0,300.3,2702.7,18.7798
2098,11064,41,20150501,71,41,1,1,9.65,12,0.0,115.8,0.0,115.8,0.8046
2099,11064,53,20150501,71,53,1,1,32.8,25,0.1,820.0,82.0,738.0,5.128
2100,11064,55,20150501,71,55,1,1,24.0,4,0.1,96.0,9.6,86.4,0.6004
2101,11064,68,20150501,71,68,1,1,12.5,55,0.0,687.5,0.0,687.5,4.7771
2102,11065,30,20150501,46,30,8,1,25.89,4,0.25,103.56,25.89,77.67,5.2936
2103,11065,54,20150501,46,54,8,1,7.45,20,0.25,149.0,37.25,111.75,7.6164
2104,11066,16,20150501,89,16,7,2,17.45,3,0.0,52.35,0.0,52.35,2.5207
2105,11066,19,20150501,89,19,7,2,9.2,42,0.0,386.4,0.0,386.4,18.6054
2106,11066,34,20150501,89,34,7,2,14.0,35,0.0,490.0,0.0,490.0,23.5939
2107,11067,41,20150504,17,41,1,2,9.65,9,0.0,86.85,0.0,86.85,7.98
2108,11068,28,20150504,62,28,8,2,45.6,8,0.15,364.8,54.72,310.08,12.5052
2109,11068,43,20150504,62,43,8,2,46.0,36,0.15,1656.0,248.4,1407.6,56.767
2110,11068,77,20150504,62,77,8,2,13.0,28,0.15,364.0,54.6,309.4,12.4778
2111,11069,39,20150504,80,39,1,2,18.0,20,0.0,360.0,0.0,360.0,15.67
2112,11070,1,20150505,44,1,2,1,18.0,40,0.15,720.0,108.0,612.0,51.0632
2113,11070,2,20150505,44,2,2,1,19.0,20,0.15,380.0,57.0,323.0,26.95
2114,11070,16,20150505,44,16,2,1,17.45,30,0.15,523.5,78.52,444.98,37.1276
2115,11070,31,20150505,44,31,2,1,12.5,20,0.0,250.0,0.0,250.0,20.8592
2116,11071,7,20150505,46,7,1,1,30.0,15,0.05,450.0,22.5,427.5,0.8206
2117,11071,13,20150505,46,13,1,1,6.0,10,0.05,60.0,3.0,57.0,0.1094
2118,11072,2,20150505,20,2,4,2,19.0,8,0.0,152.0,0.0,152.0,7.5342
2119,11072,41,20150505,20,41,4,2,9.65,40,0.0,386.0,0.0,386.0,19.1328
2120,11072,50,20150505,20,50,4,2,16.25,22,0.0,357.5,0.0,357.5,17.7202
2121,11072,64,20150505,20,64,4,2,33.25,130,0.0,4322.5,0.0,4322.5,214.2529
2122,11073,11,20150505,58,11,2,2,21.0,10,0.0,210.0,0.0,210.0,17.465
2123,11073,24,20150505,58,24,2,2,4.5,20,0.0,90.0,0.0,90.0,7.485
2124,11074,16,20150506,73,16,7,2,17.45,14,0.05,244.3,12.22,232.08,18.44
2125,11075,2,20150506,68,2,8,2,19.0,10,0.15,190.0,28.5,161.5,2.007
2126,11075,46,20150506,68,46,8,2,12.0,30,0.15,360.0,54.0,306.0,3.8027
2127,11075,76,20150506,68,76,8,2,18.0,2,0.15,36.0,5.4,30.6,0.3803
2128,11076,6,20150506,9,6,4,2,25.0,20,0.25,500.0,125.0,375.0,18.1079
2129,11076,14,20150506,9,14,4,2,23.25,20,0.25,465.0,116.25,348.75,16.8403
2130,11076,19,20150506,9,19,4,2,9.2,10,0.25,92.0,23.0,69.0,3.3318
2131,11077,2,20150506,65,2,1,2,19.0,24,0.2,456.0,91.2,364.8,2.4781
2132,11077,3,20150506,65,3,1,2,10.0,4,0.0,40.0,0.0,40.0,0.2717
2133,11077,4,20150506,65,4,1,2,22.0,1,0.0,22.0,0.0,22.0,0.1494
2134,11077,6,20150506,65,6,1,2,25.0,1,0.02,25.0,0.5,24.5,0.1664
2135,11077,7,20150506,65,7,1,2,30.0,1,0.05,30.0,1.5,28.5,0.1936
2136,11077,8,20150506,65,8,1,2,40.0,2,0.1,80.0,8.0,72.0,0.4891
2137,11077,10,20150506,65,10,1,2,31.0,1,0.0,31.0,0.0,31.0,0.2106
2138,11077,12,20150506,65,12,1,2,38.0,2,0.05,76.0,3.8,72.2,0.4905
2139,11077,13,20150506,65,13,1,2,6.0,4,0.0,24.0,0.0,24.0,0.163
2140,11077,14,20150506,65,14,1,2,23.25,1,0.03,23.25,0.7,22.55,0.1532
2141,11077,16,20150506,65,16,1,2,17.45,2,0.03,34.9,1.05,33.85,0.2299
2142,11077,20,20150506,65,20,1,2,81.0,1,0.04,81.0,3.24,77.76,0.5282
2143,11077,23,20150506,65,23,1,2,9.0,2,0.0,18.0,0.0,18.0,0.1223
2144,11077,32,20150506,65,32,1,2,32.0,1,0.0,32.0,0.0,32.0,0.2174
2145,11077,39,20150506,65,39,1,2,18.0,2,0.05,36.0,1.8,34.2,0.2323
2146,11077,41,20150506,65,41,1,2,9.65,3,0.0,28.95,0.0,28.95,0.1967
2147,11077,46,20150506,65,46,1,2,12.0,3,0.02,36.0,0.72,35.28,0.2397
2148,11077,52,20150506,65,52,1,2,7.0,2,0.0,14.0,0.0,14.0,0.0951
2149,11077,55,20150506,65,55,1,2,24.0,2,0.0,48.0,0.0,48.0,0.3261
2150,11077,60,20150506,65,60,1,2,34.0,2,0.06,68.0,4.08,63.92,0.4342
2151,11077,64,20150506,65,64,1,2,33.25,2,0.03,66.5,2.0,64.5,0.4381
2152,11077,66,20150506,65,66,1,2,17.0,1,0.0,17.0,0.0,17.0,0.1155
2153,11077,73,20150506,65,73,1,2,15.0,2,0.01,30.0,0.3,29.7,0.2018
2154,11077,75,20150506,65,75,1,2,7.75,4,0.0,31.0,0.0,31.0,0.2106
2155,11077,77,20150506,65,77,1,2,13.0,2,0.0,26.0,0.0,26.0,0.1766
